PID,ID
23957,0
23957,1
23958,0
23958,1
23959,0
23959,1
23960,0
23960,1
23961,1
23962,1
23963,0
23963,1
23964,1
23965,0
23965,1
23966,0
23966,1
23967,1
23968,1
23969,1
23970,1
23971,0
23971,1
23972,2
23972,1
23973,0
23973,1
23974,1
23975,0
23975,1
23976,0
23976,1
23977,0
23977,1
23978,0
23978,1
23979,1
23980,1
23981,0
23981,1
23982,1
23982,3
23983,1
23984,0
23984,1
23985,1
23986,1
23987,0
23987,1
23988,1
23989,1
23990,0
23990,1
23991,2
23991,1
23992,1
23993,1
23993,3
23994,1
23995,1
23996,0
23996,1
23997,1
23997,3
23998,0
23998,1
23999,0
23999,1
24000,0
24000,1
24001,1
24002,1
24003,1
24003,3
24004,0
24004,1
24005,0
24005,1
24006,2
24006,1
24007,0
24007,1
24008,0
24008,1
24009,1
24010,0
24010,1
24011,1
24011,3
24012,1
24013,1
24014,1
24015,1
24016,1
24017,1
24018,1
24019,1
24019,3
24020,2
24020,1
24021,1
24022,1
24022,3
24023,1
24023,3
24024,1
24024,3
24025,0
24025,1
24026,0
24026,1
24027,1
24028,1
24029,1
24029,3
24030,0
24030,1
24031,1
24031,3
24032,0
24032,1
24033,1
24033,3
24034,1
24035,1
24035,3
24036,1
24037,0
24037,1
24038,1
24039,0
24039,1
24040,1
24041,1
24041,3
24042,1
24042,3
24043,0
24043,1
24044,1
24045,1
24045,3
24046,0
24046,1
24047,1
24047,3
24048,0
24048,1
24049,0
24049,1
24050,1
24050,3
24051,0
24051,1
24052,0
24052,1
24052,3
24053,0
24053,1
24054,1
24055,1
24055,3
24056,0
24056,1
24057,1
24058,0
24058,1
24059,1
24060,0
24060,1
24061,1
24062,0
24062,1
24063,0
24063,3
24064,1
24065,1
24065,3
24066,1
24067,0
24067,1
24067,3
24068,0
24068,1
24069,1
24069,3
24070,1
24070,3
24071,1
24071,3
24072,1
24072,3
24073,1
24074,1
24075,1
24076,1
24076,3
24077,0
24077,1
24078,1
24079,0
24079,1
24080,1
24080,3
24081,0
24081,1
24082,0
24082,1
24083,1
24084,1
24085,0
24085,1
24086,0
24086,1
24087,1
24087,3
24088,0
24088,1
24089,1
24090,1
24091,0
24091,1
24092,1
24092,3
24093,1
24093,3
24094,1
24094,3
24095,1
24095,3
24096,1
24097,0
24097,1
24098,1
24099,1
24099,3
24100,1
24100,3
24101,1
24101,3
24102,0
24102,1
24103,0
24103,1
24104,1
24104,3
24105,1
24106,1
24107,1
24107,3
24108,0
24108,1
24109,1
24109,3
24110,1
24110,3
24111,1
24112,1
24113,1
24113,3
24114,1
24114,3
24115,1
24116,0
24116,1
24117,1
24117,3
24118,1
24119,1
24119,3
24120,1
24121,0
24121,1
24122,0
24122,1
24123,1
24124,1
24125,0
24125,1
24126,1
24127,0
24127,1
24128,0
24128,1
24129,1
24130,1
24130,3
24131,1
24131,3
24132,0
24132,1
24132,3
24133,1
24133,3
24134,1
24134,3
24135,1
24135,3
24136,1
24137,1
24138,0
24138,1
24139,1
24139,3
24140,0
24140,1
24141,1
24141,3
24142,0
24142,1
24143,1
24144,0
24144,1
24145,0
24145,1
24146,1
24147,1
24148,0
24148,1
24149,1
24150,1
24150,3
24151,0
24151,1
24152,1
24153,1
24153,3
24154,0
24154,1
24155,1
24155,3
24156,0
24156,1
24157,1
24157,3
24158,0
24158,1
24159,1
24159,3
24160,1
24160,3
24161,1
24162,1
24162,3
24163,1
24164,1
24165,1
24165,3
24166,0
24166,1
24167,1
24167,3
24168,0
24168,1
24169,1
24169,3
24170,1
24171,1
24171,3
24172,1
24173,0
24173,1
24173,3
24174,1
24174,3
24175,0
24175,1
24176,1
24176,3
24177,1
24177,3
24178,0
24178,1
24179,1
24180,0
24180,1
24181,1
24181,3
24182,1
24182,3
24183,1
24183,3
24184,1
24184,3
24185,1
24186,1
24187,0
24187,1
24188,0
24188,1
24189,1
24190,0
24190,1
24191,1
24191,3
24192,0
24192,1
24193,1
24194,0
24194,1
24195,0
24195,1
24196,1
24196,3
24197,1
24198,1
24199,1
24200,1
24200,3
24201,0
24201,1
24202,1
24202,3
24203,1
24204,0
24204,1
24205,1
24206,1
24206,3
24207,1
24208,0
24208,1
24208,3
24209,1
24209,3
24210,1
24211,1
24212,0
24212,1
24213,2
24213,1
24214,1
24215,1
24215,3
24216,0
24216,1
24216,3
24217,1
24218,1
24219,1
24219,3
24220,0
24220,1
24221,1
24221,3
24222,1
24223,1
24223,3
24224,0
24224,1
24225,1
24225,3
24226,1
24227,1
24228,0
24228,1
24229,1
24229,3
24230,1
24231,1
24232,0
24232,1
24233,1
24234,1
24234,3
24235,1
24236,1
24237,1
24237,3
24238,0
24238,1
24239,1
24239,3
24240,1
24241,1
24242,1
24242,3
24243,1
24243,3
24244,1
24244,3
24245,1
24245,3
24246,0
24246,1
24246,3
24247,1
24248,1
24248,3
24249,1
24250,1
24251,1
24251,3
24252,0
24252,1
24253,1
24253,3
24254,1
24254,3
24255,3
24256,0
24256,1
24257,0
24257,1
24258,0
24258,1
24259,0
24259,1
24260,1
24261,1
24262,0
24262,1
24263,1
24263,3
24264,1
24265,1
24265,3
24266,1
24266,3
24267,1
24268,1
24269,1
24269,3
24270,1
24271,1
24272,1
24272,3
24273,1
24274,1
24274,3
24275,1
24276,1
24277,1
24277,3
24278,1
24278,3
24279,1
24279,3
24280,1
24280,3
24281,1
24282,1
24283,0
24283,1
24284,1
24285,0
24285,1
24286,0
24286,1
24287,0
24287,1
24288,1
24289,1
24289,3
24290,1
24290,3
24291,0
24291,1
24291,3
24292,1
24292,3
24293,1
24294,1
24295,1
24296,1
24296,3
24297,1
24298,1
24299,1
24300,1
24301,1
24301,3
24302,1
24302,3
24303,1
24303,3
24304,1
24305,1
24306,0
24306,1
24307,1
24308,0
24308,1
24309,1
24309,3
24310,0
24310,1
24310,3
24311,1
24311,3
24312,1
24313,1
24313,3
24314,1
24314,3
24315,1
24316,1
24316,3
24317,1
24318,1
24318,3
24319,1
24320,1
24320,3
24321,1
24321,3
24322,1
24323,1
24323,3
24324,1
24325,0
24325,3
24326,1
24327,0
24327,1
24328,1
24329,0
24329,1
24330,0
24330,1
24331,1
24332,1
24332,3
24333,0
24333,1
24333,3
24334,1
24334,3
24335,1
24335,3
24336,1
24336,3
24337,0
24337,1
24338,1
24339,1
24339,3
24340,1
24340,3
24341,1
24342,1
24342,3
24343,0
24344,0
24344,1
24344,3
24345,1
24346,0
24346,1
24346,3
24347,1
24347,3
24348,1
24348,3
24349,1
24349,3
24350,0
24350,1
24351,1
24352,1
24352,3
24353,1
24353,3
24354,0
24354,3
24355,1
24355,3
24356,1
24357,1
24357,3
24358,1
24359,3
24360,0
24360,1
24361,1
24362,1
24362,3
24363,1
24363,3
24364,1
24365,1
24366,1
24366,3
24367,1
24367,3
24368,0
24368,1
24369,1
24370,1
24371,3
24372,1
24373,1
24373,3
24374,1
24374,3
24375,1
24375,3
24376,0
24376,1
24377,3
24378,1
24379,1
24380,1
24380,3
24381,1
24382,0
24382,1
24383,0
24383,1
24383,3
24384,1
24384,3
24385,1
24385,3
24386,1
24386,3
24387,2
24387,1
24388,1
24388,3
24389,1
24389,3
24390,1
24391,1
24391,3
24392,1
24393,0
24393,1
24394,1
24394,3
24395,0
24395,1
24395,3
24396,1
24396,3
24397,1
24397,3
24398,1
24399,1
24399,3
24400,0
24400,1
24401,1
24401,3
24402,1
24403,1
24404,4
24404,1
24405,1
24405,3
24406,0
24406,1
24407,1
24408,1
24408,3
24409,1
24409,3
24410,0
24410,1
24411,1
24411,3
24412,1
24413,1
24413,3
24414,1
24414,3
24415,0
24415,1
24415,3
24416,1
24417,1
24417,3
24418,1
24419,1
24420,0
24420,1
24421,1
24421,3
24422,0
24422,1
24423,1
24424,0
24424,1
24425,1
24425,3
24426,1
24426,3
24427,1
24427,3
24428,1
24428,3
24429,0
24429,1
24430,1
24431,1
24431,3
24432,1
24433,1
24433,3
24434,1
24435,1
24435,3
24436,1
24436,3
24437,0
24437,1
24437,3
24438,1
24438,3
24439,1
24439,3
24440,1
24441,0
24441,1
24442,3
24443,1
24444,0
24444,1
24445,1
24445,3
24446,1
24447,1
24447,3
24448,1
24448,3
24449,0
24449,1
24450,1
24451,1
24452,1
24453,1
24453,3
24454,1
24454,3
24455,1
24456,1
24456,3
24457,0
24457,1
24457,3
24458,1
24458,3
24460,1
24461,0
24461,1
24462,1
24462,3
24463,1
24463,3
24464,1
24465,1
24465,3
24466,3
24467,0
24467,1
24468,1
24469,1
24469,3
24470,1
24471,1
24472,1
24472,3
24473,0
24473,1
24473,3
24474,1
24474,3
24475,1
24476,2
24476,1
24477,0
24477,1
24478,1
24478,3
24479,0
24479,1
24480,1
24481,1
24481,3
24482,1
24482,3
24483,1
24484,1
24485,1
24485,3
24486,0
24486,1
24486,3
24487,1
24488,3
24489,1
24490,1
24491,1
24491,3
24492,1
24492,3
24493,1
24494,1
24495,1
24495,3
24496,3
24497,1
24498,1
24499,1
24500,0
24500,1
24501,1
24501,3
24502,1
24503,1
24504,1
24504,3
24505,1
24506,1
24506,3
24507,1
24507,3
24508,1
24509,1
24509,3
24510,1
24511,0
24511,1
24512,1
24512,3
24513,1
24514,0
24514,1
24515,1
24515,3
24516,1
24517,1
24518,1
24519,1
24520,1
24521,1
24522,1
24522,3
24523,1
24524,1
24524,3
24525,0
24525,1
24526,0
24527,1
24527,3
24528,0
24528,1
24529,1
24529,3
24530,0
24530,1
24531,1
24531,3
24532,1
24532,3
24533,2
24533,1
24534,1
24534,3
24535,1
24536,0
24536,1
24537,1
24538,1
24538,3
24539,1
24539,3
24540,1
24540,3
24541,1
24541,3
24542,1
24543,1
24543,3
24544,1
24545,1
24545,3
24546,1
24546,3
24547,1
24547,3
24548,1
24549,1
24550,1
24550,3
24551,3
24552,0
24552,1
24553,1
24553,3
24554,1
24555,1
24555,3
24556,1
24557,1
24557,3
24558,1
24559,1
24560,1
24560,3
24561,1
24562,1
24562,3
24563,1
24563,3
24564,1
24564,3
24565,0
24565,1
24566,1
24566,3
24567,1
24567,3
24568,0
24568,1
24568,3
24569,1
24569,3
24570,1
24570,3
24571,1
24571,3
24572,1
24572,3
24573,1
24574,1
24574,3
24575,0
24575,1
24576,1
24576,3
24577,1
24578,1
24579,1
24580,0
24580,1
24581,1
24582,0
24582,1
24583,1
24584,1
24585,1
24586,1
24586,3
24587,0
24587,1
24588,1
24588,3
24589,0
24589,1
24590,1
24591,1
24591,3
24592,1
24592,3
24593,1
24593,3
24594,1
24594,3
24595,1
24596,1
24597,1
24598,1
24599,1
24600,1
24601,1
24602,0
24602,1
24603,1
24604,1
24605,1
24605,3
24606,1
24606,3
24607,1
24607,3
24608,0
24608,1
24609,1
24610,1
24611,1
24611,3
24612,1
24613,1
24613,3
24614,1
24614,3
24615,1
24616,1
24616,3
24617,3
24618,1
24618,3
24619,1
24620,0
24620,1
24620,3
24621,1
24621,3
24622,1
24623,1
24623,3
24624,1
24625,1
24626,1
24626,3
24627,1
24627,3
24628,1
24628,3
24629,2
24629,1
24630,1
24630,3
24631,1
24632,1
24633,1
24633,3
24634,1
24634,3
24635,1
24636,1
24636,3
24637,0
24637,1
24637,3
24638,1
24638,3
24639,0
24639,1
24639,3
24640,1
24640,3
24641,1
24641,3
24642,1
24642,3
24643,1
24644,1
24644,3
24645,1
24646,1
24646,3
24647,1
24647,3
24648,1
24649,1
24649,3
24650,1
24651,0
24651,1
24652,1
24653,1
24654,1
24654,3
24655,1
24656,1
24657,0
24657,1
24658,1
24658,3
24659,2
24659,1
24660,1
24660,3
24661,0
24661,1
24662,1
24663,1
24664,1
24664,3
24665,1
24665,3
24666,0
24666,1
24666,3
24667,1
24668,1
24669,1
24669,3
24670,1
24671,0
24671,1
24672,1
24672,3
24673,1
24674,1
24674,3
24675,1
24676,1
24677,1
24677,3
24678,0
24678,1
24678,3
24679,1
24680,1
24680,3
24681,1
24682,1
24682,3
24683,1
24684,3
24685,1
24686,1
24687,1
24688,1
24688,3
24689,1
24689,3
24690,1
24690,3
24691,1
24692,1
24693,1
24694,1
24695,1
24695,3
24696,1
24697,1
24697,3
24698,1
24698,3
24699,1
24699,3
24700,1
24700,3
24701,1
24702,0
24702,1
24703,1
24704,1
24705,1
24705,3
24706,1
24706,3
24707,1
24707,3
24708,0
24708,1
24709,1
24709,3
24710,1
24711,1
24711,3
24712,1
24712,3
24713,1
24714,1
24714,3
24715,1
24715,3
24716,1
24716,3
24717,1
24717,3
24718,1
24719,0
24719,1
24720,1
24720,3
24721,1
24721,3
24722,0
24722,1
24723,1
24723,3
24724,1
24725,0
24725,1
24726,1
24727,1
24729,1
24730,1
24731,1
24731,3
24732,1
24733,1
24733,3
24734,1
24734,3
24735,1
24736,1
24737,1
24738,1
24739,1
24740,1
24740,3
24741,1
24742,1
24742,3
24743,0
24743,1
24743,3
24744,1
24745,1
24745,3
24746,1
24747,3
24748,1
24748,3
24749,1
24750,0
24750,1
24751,1
24752,1
24753,1
24754,1
24755,1
24755,3
24756,1
24756,3
24757,1
24757,3
24758,1
24759,1
24759,3
24760,0
24760,1
24760,3
24761,1
24761,3
24762,1
24763,1
24763,3
24764,1
24765,1
24766,1
24766,3
24767,0
24767,1
24768,1
24768,3
24769,1
24770,1
24770,3
24771,1
24772,1
24773,1
24773,3
24774,1
24775,1
24775,3
24776,1
24777,1
24778,1
24779,0
24779,1
24780,0
24781,1
24782,1
24783,1
24784,1
24785,1
24785,3
24786,1
24786,3
24787,1
24787,3
24788,1
24789,1
24790,1
24792,1
24792,3
24793,1
24794,1
24794,3
24795,1
24796,1
24796,3
24797,0
24797,1
24798,1
24798,3
24799,1
24799,3
24800,1
24801,1
24801,3
24802,0
24803,1
24804,1
24804,3
24805,1
24805,3
24806,0
24806,1
24807,1
24808,1
24808,3
24809,1
24810,1
24810,3
24811,1
24811,3
24812,1
24813,1
24814,1
24815,1
24815,3
24816,1
24817,1
24817,3
24818,0
24818,1
24819,1
24820,1
24820,3
24821,1
24822,1
24822,3
24823,1
24823,3
24824,0
24824,1
24825,0
24825,1
24826,1
24827,1
24827,3
24828,1
24828,3
24829,1
24830,1
24831,0
24831,1
24831,3
24832,1
24832,3
24833,1
24834,1
24834,3
24835,1
24835,3
24836,1
24836,3
24837,1
24838,1
24839,1
24839,3
24840,1
24841,1
24841,3
24842,1
24842,3
24843,1
24843,3
24844,1
24845,1
24845,3
24846,1
24847,1
24848,1
24848,3
24849,0
24849,1
24850,1
24851,1
24851,3
24852,1
24853,1
24854,1
24854,3
24855,1
24855,3
24856,1
24856,3
24857,1
24858,1
24858,3
24859,1
24859,3
24860,1
24861,1
24862,1
24862,3
24863,1
24864,1
24864,3
24865,3
24866,1
24866,3
24867,1
24867,3
24868,1
24868,3
24869,1
24869,3
24870,1
24870,3
24871,1
24872,1
24873,0
24873,1
24875,0
24875,1
24875,3
24876,0
24876,1
24877,1
24877,3
24878,0
24878,1
24879,1
24879,3
24880,1
24880,3
24881,1
24881,3
24882,1
24883,1
24883,3
24884,1
24884,3
24885,1
24885,3
24886,0
24886,1
24887,0
24887,1
24887,3
24888,0
24888,1
24889,1
24889,3
24890,3
24891,0
24891,1
24892,1
24894,1
24894,3
24895,1
24895,3
24896,0
24896,1
24897,1
24897,3
24898,1
24898,3
24899,1
24899,3
24900,1
24900,3
24901,1
24902,1
24902,3
24903,1
24903,3
24904,1
24905,1
24906,1
24907,1
24908,1
24908,3
24909,1
24909,3
24910,1
24910,3
24911,1
24912,1
24913,1
24914,0
24914,1
24915,1
24916,1
24917,1
24917,3
24918,1
24918,3
24919,1
24919,3
24920,1
24920,3
24921,1
24921,3
24922,1
24922,3
24923,0
24923,1
24923,3
24924,1
24925,1
24926,1
24927,1
24928,1
24928,3
24929,0
24929,1
24929,3
24930,1
24930,3
24931,1
24931,3
24932,1
24932,3
24933,1
24933,3
24934,1
24934,3
24935,1
24935,3
24936,3
24937,1
24937,3
24938,1
24938,3
24939,1
24940,1
24941,1
24942,1
24943,1
24943,3
24944,1
24944,3
24945,1
24946,3
24947,1
24948,1
24949,0
24949,1
24949,3
24950,1
24951,1
24952,1
24953,1
24953,3
24954,1
24954,3
24955,1
24956,1
24957,1
24957,3
24958,1
24959,1
24960,1
24960,3
24961,1
24961,3
24962,1
24962,3
24963,1
24964,1
24965,1
24966,1
24966,3
24967,1
24968,1
24968,3
24969,1
24970,1
24971,1
24972,0
24972,1
24973,1
24974,1
24974,3
24975,1
24976,1
24976,3
24977,1
24978,0
24978,1
24979,0
24979,1
24979,3
24980,3
24981,1
24982,1
24982,3
24983,1
24984,1
24984,3
24985,1
24986,1
24987,0
24987,1
24988,1
24988,3
24989,0
24989,1
24990,1
24991,1
24992,1
24993,1
24993,3
24994,1
24994,3
24995,1
24995,3
24996,1
24996,3
24997,1
24998,0
24998,1
24998,3
24999,1
25000,0
25000,1
25001,1
25001,3
25002,0
25002,1
25003,3
25004,1
25005,1
25005,3
25006,1
25007,1
25008,1
25008,3
25009,0
25009,1
25010,1
25011,1
25011,3
25012,1
25012,3
25013,1
25014,1
25015,1
25016,1
25016,3
25017,1
25017,3
25018,1
25019,1
25019,3
25020,1
25021,1
25022,1
25023,1
25024,1
25025,1
25025,3
25026,3
25027,1
25027,3
25028,3
25029,1
25030,1
25031,0
25031,1
25032,1
25033,1
25034,1
25034,3
25035,1
25036,3
25037,1
25037,3
25038,1
25038,3
25039,1
25039,3
25040,1
25041,1
25042,1
25042,3
25043,1
25043,3
25044,0
25044,1
25045,1
25046,1
25047,1
25048,1
25048,3
25049,1
25049,3
25050,1
25051,1
25051,3
25052,1
25052,3
25053,1
25053,3
25054,3
25055,1
25055,3
25056,1
25057,1
25057,3
25059,1
25060,1
25060,3
25061,0
25061,1
25062,1
25063,1
25063,3
25064,1
25065,1
25065,3
25066,1
25066,3
25067,1
25068,1
25068,3
25069,1
25069,3
25070,1
25071,1
25071,3
25072,0
25072,1
25073,0
25073,1
25074,0
25074,1
25075,1
25076,1
25076,3
25077,1
25078,3
25079,1
25079,3
25080,1
25081,1
25082,1
25082,3
25083,0
25084,1
25085,1
25085,3
25086,1
25087,1
25087,3
25088,1
25088,3
25089,1
25089,3
25090,1
25091,1
25091,3
25092,0
25092,1
25092,3
25093,1
25093,3
25094,1
25094,3
25095,1
25095,3
25096,1
25096,3
25097,1
25098,0
25098,1
25098,3
25099,1
25099,3
25100,1
25100,3
25101,1
25101,3
25102,1
25102,3
25103,0
25103,1
25104,0
25104,1
25104,3
25105,1
25105,3
25106,1
25107,3
25108,1
25108,3
25109,1
25109,3
25110,1
25110,3
25111,3
25112,1
25113,1
25114,1
25114,3
25115,1
25116,1
25117,1
25118,1
25118,3
25119,1
25119,3
25120,1
25120,3
25121,1
25122,1
25123,1
25123,3
25124,1
25124,3
25125,1
25126,3
25127,3
25128,1
25128,3
25129,1
25129,3
25130,1
25130,3
25131,1
25132,1
25132,3
25133,0
25133,1
25134,1
25135,1
25136,1
25136,3
25137,0
25137,1
25137,3
25138,1
25139,1
25139,3
25140,1
25140,3
25141,1
25142,1
25143,1
25144,1
25144,3
25145,0
25145,1
25146,1
25147,1
25147,3
25148,1
25148,3
25149,1
25149,3
25150,0
25150,1
25150,3
25151,1
25152,1
25153,1
25153,3
25154,1
25155,1
25156,1
25156,3
25157,1
25157,3
25158,1
25158,3
25159,0
25160,0
25160,1
25161,1
25161,3
25162,1
25162,3
25164,1
25164,3
25165,1
25166,1
25167,1
25167,3
25168,1
25169,1
25169,3
25170,1
25171,1
25171,3
25172,0
25172,1
25173,1
25173,3
25174,1
25174,3
25175,1
25175,3
25176,1
25176,3
25177,1
25177,3
25178,1
25178,3
25179,1
25179,3
25180,1
25180,3
25181,1
25182,1
25183,1
25183,3
25184,1
25186,1
25187,1
25188,0
25188,1
25188,3
25189,1
25189,3
25190,1
25190,3
25191,1
25192,1
25192,3
25193,1
25193,3
25194,1
25195,1
25195,3
25196,1
25196,3
25197,1
25198,1
25198,3
25199,1
25199,3
25200,1
25201,1
25202,1
25202,3
25204,3
25205,1
25206,1
25207,1
25207,3
25208,0
25208,1
25209,0
25209,3
25210,1
25210,3
25211,1
25212,1
25212,3
25213,1
25213,3
25214,1
25214,3
25215,1
25215,3
25216,1
25216,3
25217,1
25217,3
25218,0
25218,1
25218,3
25219,0
25219,1
25220,1
25221,1
25222,1
25223,1
25224,1
25224,3
25225,1
25226,1
25227,1
25228,1
25228,3
25229,0
25229,1
25230,1
25230,3
25231,1
25231,3
25232,1
25233,1
25233,3
25234,1
25234,3
25235,1
25235,3
25236,1
25237,1
25237,3
25238,1
25239,1
25240,1
25240,3
25241,0
25241,1
25242,1
25243,1
25244,1
25245,1
25246,1
25246,3
25247,1
25247,3
25248,1
25249,3
25250,1
25251,1
25251,3
25252,1
25252,3
25253,1
25254,1
25254,3
25255,1
25256,1
25257,1
25258,1
25259,1
25259,3
25260,1
25261,1
25261,3
25262,1
25262,3
25263,1
25264,1
25266,3
25267,3
25268,1
25268,3
25269,1
25269,3
25270,1
25271,1
25272,1
25272,3
25273,1
25273,3
25274,1
25275,1
25276,1
25277,1
25277,3
25278,1
25279,1
25279,3
25280,1
25281,1
25281,3
25282,1
25283,2
25283,1
25284,1
25285,1
25285,3
25286,1
25287,1
25288,0
25288,1
25288,3
25289,1
25289,3
25290,1
25291,1
25292,1
25292,3
25293,1
25293,3
25294,0
25294,1
25295,1
25295,3
25296,1
25296,3
25297,1
25297,3
25298,3
25299,1
25299,3
25300,1
25300,3
25301,3
25302,1
25302,3
25303,1
25304,1
25304,3
25305,1
25306,1
25307,1
25307,3
25308,0
25308,1
25309,1
25310,1
25310,3
25311,1
25312,1
25312,3
25313,1
25313,3
25314,1
25315,1
25316,3
25317,1
25318,1
25318,3
25319,1
25319,3
25320,1
25321,1
25321,3
25322,1
25323,1
25323,3
25324,1
25324,3
25325,1
25326,1
25326,3
25327,1
25327,3
25328,1
25329,1
25329,3
25330,1
25330,3
25331,1
25332,1
25332,3
25333,1
25333,3
25334,1
25335,1
25335,3
25336,0
25336,1
25337,1
25337,3
25338,1
25338,3
25339,0
25339,1
25339,3
25340,1
25341,1
25343,1
25343,3
25344,1
25344,3
25345,1
25345,3
25346,1
25346,3
25347,1
25347,3
25348,1
25348,3
25349,0
25349,1
25350,1
25350,3
25351,1
25351,3
25352,1
25352,3
25353,1
25354,3
25355,3
25356,1
25356,3
25357,3
25358,1
25359,1
25360,1
25360,3
25361,1
25361,3
25362,1
25362,3
25363,1
25363,3
25364,1
25364,3
25365,1
25366,1
25366,3
25367,0
25367,1
25368,1
25369,1
25369,3
25370,0
25370,1
25371,1
25371,3
25373,0
25373,1
25374,1
25374,3
25375,1
25376,1
25377,1
25378,0
25378,1
25378,3
25379,1
25380,1
25381,0
25381,1
25382,1
25383,1
25384,1
25385,1
25386,1
25386,3
25387,1
25387,3
25388,1
25388,3
25389,1
25390,1
25391,1
25391,3
25393,1
25393,3
25394,0
25394,1
25395,0
25395,1
25396,0
25396,1
25397,1
25398,1
25398,3
25399,0
25399,1
25400,3
25401,1
25402,1
25403,1
25404,1
25405,1
25406,1
25406,3
25407,1
25408,1
25409,1
25409,3
25410,1
25410,3
25411,1
25412,1
25412,3
25413,1
25414,1
25414,3
25415,1
25415,3
25416,1
25416,3
25417,1
25417,3
25418,1
25418,3
25419,1
25419,3
25420,1
25420,3
25421,1
25421,3
25422,1
25423,0
25423,1
25424,0
25424,1
25425,0
25425,1
25426,1
25426,3
25427,1
25427,3
25428,1
25428,3
25429,1
25430,1
25430,3
25431,1
25431,3
25432,1
25433,0
25433,1
25433,3
25434,0
25434,1
25434,3
25435,1
25435,3
25436,1
25437,0
25437,1
25438,1
25439,1
25439,3
25440,1
25441,1
25441,3
25442,1
25442,3
25443,1
25443,3
25444,3
25445,3
25446,3
25447,1
25448,1
25448,3
25449,1
25449,3
25450,1
25450,3
25451,1
25452,1
25452,3
25453,1
25454,1
25454,3
25455,1
25455,3
25456,1
25456,3
25457,0
25457,1
25458,1
25460,0
25460,1
25461,1
25462,1
25462,3
25463,1
25464,1
25464,3
25465,2
25465,1
25466,1
25466,3
25467,1
25468,1
25468,3
25469,1
25469,3
25470,1
25470,3
25471,1
25471,3
25472,1
25473,1
25474,1
25474,3
25475,3
25476,3
25477,3
25478,1
25478,3
25479,3
25480,1
25481,1
25481,3
25482,3
25483,3
25484,1
25485,1
25485,3
25486,1
25486,3
25487,1
25487,3
25488,1
25489,1
25489,3
25490,1
25491,1
25491,3
25492,1
25493,1
25493,3
25494,1
25495,1
25496,1
25496,3
25497,1
25498,1
25499,1
25500,1
25500,3
25501,1
25502,1
25503,0
25503,1
25504,1
25504,3
25505,0
25505,1
25507,1
25508,1
25509,3
25510,1
25511,1
25511,3
25512,1
25512,3
25513,1
25514,1
25515,1
25516,1
25516,3
25517,1
25517,3
25518,1
25519,1
25519,3
25520,1
25521,1
25522,1
25522,3
25523,1
25523,3
25524,3
25525,3
25526,3
25527,3
25528,1
25528,3
25529,3
25530,1
25530,3
25531,1
25531,3
25532,1
25533,1
25534,1
25534,3
25535,1
25535,3
25536,1
25536,3
25537,1
25537,3
25538,1
25538,3
25539,1
25539,3
25540,1
25541,1
25541,3
25542,1
25543,1
25543,3
25544,1
25545,1
25546,1
25546,3
25547,3
25548,1
25549,1
25549,3
25550,1
25550,3
25551,1
25551,3
25552,1
25552,3
25553,0
25553,1
25554,1
25555,1
25556,1
25557,1
25558,1
25559,1
25560,1
25560,3
25561,1
25561,3
25562,0
25562,1
25562,3
25563,0
25563,1
25564,1
25565,1
25566,1
25566,3
25567,1
25568,1
25569,1
25569,3
25570,1
25570,3
25571,1
25571,3
25572,1
25572,3
25573,1
25574,1
25574,3
25575,1
25576,1
25577,1
25577,3
25578,1
25578,3
25579,0
25579,1
25580,0
25580,1
25581,1
25582,1
25582,3
25583,1
25584,3
25585,3
25586,1
25586,3
25587,1
25587,3
25588,3
25589,1
25589,3
25590,3
25591,1
25591,3
25592,1
25592,3
25593,1
25594,1
25594,3
25595,1
25595,3
25596,1
25596,3
25597,1
25597,3
25598,1
25598,3
25599,1
25600,1
25600,3
25601,1
25601,3
25602,1
25602,3
25603,1
25603,3
25604,1
25605,1
25606,0
25606,1
25607,1
25607,3
25608,1
25609,1
25609,3
25610,1
25610,3
25611,1
25611,3
25612,1
25613,1
25613,3
25614,1
25615,1
25615,3
25616,1
25616,3
25617,1
25617,3
25618,1
25619,1
25620,1
25620,3
25621,1
25621,3
25622,1
25623,1
25625,1
25626,1
25627,1
25628,1
25629,1
25629,3
25630,1
25631,1
25632,1
25633,3
25634,1
25634,3
25635,1
25635,3
25636,1
25636,3
25637,0
25637,1
25638,1
25639,3
25640,3
25641,1
25641,3
25642,1
25642,3
25643,1
25643,3
25644,1
25644,3
25645,1
25645,3
25646,1
25646,3
25647,3
25648,1
25648,3
25649,1
25649,3
25650,1
25651,1
25651,3
25652,1
25653,1
25654,1
25654,3
25655,1
25656,1
25656,3
25657,1
25658,1
25658,3
25659,0
25659,1
25660,1
25660,3
25661,1
25661,3
25662,1
25663,1
25663,3
25664,1
25664,3
25665,1
25666,1
25666,3
25667,1
25667,3
25668,1
25669,0
25669,1
25670,1
25670,3
25671,1
25672,1
25672,3
25673,1
25674,1
25675,1
25676,1
25676,3
25677,1
25678,1
25679,1
25680,0
25680,1
25680,3
25681,1
25682,1
25683,1
25683,3
25684,1
25684,3
25685,1
25685,3
25686,1
25686,3
25687,1
25688,1
25689,0
25689,1
25690,3
25691,1
25691,3
25692,3
25693,1
25693,3
25694,3
25695,3
25696,3
25697,3
25698,1
25698,3
25699,1
25699,3
25700,1
25700,3
25701,1
25701,3
25702,1
25702,3
25703,1
25704,1
25704,3
25705,1
25706,3
25707,1
25707,3
25708,1
25708,3
25709,1
25709,3
25710,3
25711,1
25711,3
25712,3
25713,1
25714,1
25715,1
25715,3
25716,1
25717,1
25718,1
25718,3
25719,1
25719,3
25720,1
25721,1
25722,1
25722,3
25723,1
25723,3
25724,1
25725,1
25726,1
25727,1
25727,3
25728,1
25728,3
25729,1
25729,3
25730,1
25731,1
25732,1
25733,1
25734,1
25735,1
25735,3
25736,1
25737,1
25737,3
25738,1
25738,3
25739,1
25739,3
25741,1
25742,1
25743,1
25744,1
25744,3
25745,1
25745,3
25746,1
25746,3
25747,1
25747,3
25748,2
25748,1
25749,1
25749,3
25750,1
25750,3
25751,1
25751,3
25752,1
25752,3
25753,0
25753,1
25754,1
25755,1
25755,3
25756,3
25757,1
25757,3
25758,3
25759,1
25759,3
25760,3
25761,3
25762,3
25763,3
25764,1
25765,3
25766,1
25766,3
25767,1
25767,3
25768,1
25768,3
25769,1
25769,3
25770,1
25770,3
25771,1
25771,3
25772,1
25772,3
25773,1
25774,1
25774,3
25775,1
25775,3
25776,1
25776,3
25777,1
25777,3
25778,1
25778,3
25779,1
25779,3
25780,1
25780,3
25781,1
25782,1
25782,3
25783,1
25783,3
25784,1
25785,1
25786,1
25786,3
25787,1
25788,1
25789,1
25790,1
25790,3
25791,1
25792,1
25793,1
25794,1
25794,3
25795,3
25796,1
25797,1
25797,3
25798,1
25799,1
25799,3
25800,1
25801,1
25801,3
25802,1
25802,3
25803,1
25803,3
25804,1
25805,1
25806,1
25807,1
25807,3
25808,1
25810,0
25810,1
25811,1
25812,1
25813,1
25814,1
25814,3
25815,0
25815,1
25816,1
25817,1
25817,3
25818,1
25818,3
25819,1
25820,1
25820,3
25821,1
25822,1
25822,3
25823,0
25823,1
25824,1
25824,3
25825,1
25826,1
25827,1
25827,3
25828,1
25828,3
25829,0
25829,1
25830,1
25830,3
25831,1
25832,0
25832,1
25835,1
25835,3
25836,1
25837,1
25838,1
25839,0
25839,1
25840,1
25840,3
25841,1
25842,0
25842,1
25843,1
25844,1
25844,3
25845,1
25845,3
25846,1
25847,3
25848,1
25848,3
25849,3
25850,3
25851,1
25851,3
25852,3
25853,1
25853,3
25854,1
25854,3
25855,1
25855,3
25856,3
25857,1
25857,3
25858,1
25858,3
25859,3
25860,1
25860,3
25861,1
25861,3
25862,1
25863,1
25863,3
25864,1
25864,3
25865,1
25865,3
25866,1
25866,3
25867,1
25868,1
25869,1
25869,3
25870,1
25871,1
25872,1
25873,1
25873,3
25874,1
25874,3
25875,1
25876,1
25876,3
25877,1
25877,3
25878,1
25879,1
25879,3
25880,1
25880,3
25881,1
25881,3
25882,1
25883,1
25884,1
25884,3
25885,1
25885,3
25886,1
25887,0
25887,1
25888,1
25889,1
25890,1
25890,3
25891,1
25892,1
25892,3
25893,1
25894,1
25894,3
25895,1
25895,3
25896,1
25896,3
25897,1
25897,3
25898,1
25899,0
25899,1
25900,1
25900,3
25901,1
25902,1
25902,3
25903,1
25904,1
25905,1
25906,1
25907,1
25908,1
25909,1
25909,3
25911,0
25911,1
25912,1
25913,1
25914,1
25915,1
25916,1
25916,3
25917,1
25918,3
25919,3
25920,3
25921,3
25922,3
25923,3
25924,3
25925,1
25925,3
25926,3
25927,3
25928,1
25930,3
25931,3
25932,3
25933,3
25934,1
25935,3
25936,3
25937,1
25937,3
25938,1
25939,1
25940,1
25940,3
25941,3
25942,1
25943,1
25944,1
25944,3
25945,3
25946,1
25946,3
25947,1
25947,3
25948,1
25949,1
25949,3
25950,1
25950,3
25951,1
25952,1
25952,3
25953,3
25954,1
25955,1
25955,3
25956,1
25957,1
25957,3
25958,1
25958,3
25959,1
25959,3
25960,1
25960,3
25961,1
25961,3
25962,1
25962,3
25963,1
25963,3
25964,1
25964,3
25965,1
25965,3
25966,1
25966,3
25967,1
25967,3
25968,1
25968,3
25969,1
25970,1
25970,3
25971,1
25971,3
25972,1
25972,3
25973,1
25973,3
25974,1
25974,3
25975,1
25976,1
25976,3
25977,1
25977,3
25978,1
25978,3
25979,1
25980,1
25980,3
25981,1
25981,3
25982,1
25982,3
25983,1
25983,3
25984,1
25984,3
25985,1
25985,3
25986,1
25986,3
25987,1
25987,3
25988,0
25988,1
25989,1
25989,3
25990,1
25991,1
25993,1
25993,3
25994,1
25995,1
25995,3
25996,1
25996,3
25997,0
25997,1
25997,3
25998,1
25998,3
25999,0
25999,1
26000,1
26000,3
26001,1
26001,3
26002,1
26002,3
26003,1
26004,0
26004,1
26005,1
26005,3
26006,1
26006,3
26007,1
26009,1
26009,3
26010,1
26011,0
26011,1
26012,1
26012,3
26013,1
26013,3
26014,1
26015,1
26016,1
26016,3
26017,1
26018,1
26019,1
26020,3
26021,3
26022,3
26023,1
26023,3
26024,3
26026,3
26027,1
26027,3
26028,3
26029,1
26029,3
26030,3
26031,3
26032,3
26033,3
26035,1
26035,3
26036,3
26037,3
26038,1
26038,3
26039,3
26040,1
26040,3
26041,1
26041,3
26042,1
26042,3
26043,1
26044,1
26045,1
26045,3
26046,1
26046,3
26047,1
26048,1
26048,3
26049,3
26050,3
26051,1
26051,3
26052,1
26052,3
26053,1
26053,3
26054,1
26055,1
26055,3
26056,1
26056,3
26057,1
26057,3
26058,3
26059,1
26059,3
26060,1
26060,3
26061,1
26061,3
26062,1
26063,1
26063,3
26064,1
26065,1
26065,3
26066,1
26067,1
26067,3
26068,3
26069,1
26069,3
26070,1
26070,3
26071,1
26072,1
26073,1
26074,1
26074,3
26075,1
26075,3
26076,1
26077,3
26078,1
26078,3
26079,1
26079,3
26080,1
26080,3
26081,1
26081,3
26082,1
26083,3
26084,3
26085,1
26085,3
26086,1
26087,1
26087,3
26088,1
26089,1
26089,3
26090,1
26091,1
26091,3
26092,1
26092,3
26093,1
26094,1
26094,3
26095,1
26095,3
26096,1
26097,1
26098,1
26098,3
26099,1
26099,3
26100,1
26100,3
26101,1
26101,3
26102,1
26102,3
26103,1
26103,3
26104,1
26104,3
26105,1
26106,1
26106,3
26107,3
26108,1
26108,3
26109,1
26109,3
26110,1
26110,3
26111,1
26111,3
26112,1
26112,3
26113,1
26113,3
26114,1
26114,3
26115,1
26115,3
26116,1
26116,3
26117,1
26118,1
26118,3
26119,1
26119,3
26120,1
26120,3
26121,1
26122,1
26122,3
26123,1
26124,1
26125,1
26126,0
26126,1
26127,0
26127,1
26128,1
26128,3
26129,1
26129,3
26130,1
26131,1
26132,1
26132,3
26133,0
26133,1
26133,3
26134,1
26135,1
26136,1
26136,3
26137,1
26137,3
26138,1
26138,3
26139,1
26140,1
26140,3
26141,0
26141,1
26142,1
26142,3
26143,1
26144,1
26145,3
26146,1
26146,3
26147,1
26148,3
26149,1
26150,1
26151,1
26152,1
26153,3
26154,1
26154,3
26155,1
26156,1
26157,1
26158,1
26159,1
26160,0
26160,1
26160,3
26161,2
26161,1
26162,1
26163,3
26164,3
26165,3
26166,3
26167,3
26168,3
26169,1
26169,3
26170,3
26171,1
26172,3
26173,3
26174,1
26175,3
26176,3
26177,3
26178,3
26179,3
26180,3
26181,3
26182,3
26183,3
26184,1
26185,1
26185,3
26186,3
26187,3
26188,3
26189,3
26190,1
26190,3
26191,1
26192,1
26192,3
26193,1
26193,3
26194,1
26194,3
26195,1
26195,3
26196,1
26196,3
26197,1
26197,3
26198,1
26198,3
26199,1
26200,1
26200,3
26201,1
26202,1
26203,1
26203,3
26204,3
26205,1
26205,3
26206,1
26207,1
26207,3
26208,1
26208,3
26209,1
26209,3
26210,1
26210,3
26211,1
26211,3
26212,1
26212,3
26213,1
26214,1
26215,1
26216,1
26216,3
26217,1
26218,1
26219,1
26219,3
26220,1
26220,3
26221,1
26221,3
26222,1
26222,3
26223,1
26223,3
26224,1
26225,1
26225,3
26226,1
26227,1
26228,1
26228,3
26229,1
26229,3
26230,1
26230,3
26231,1
26231,3
26232,1
26232,3
26233,1
26233,3
26234,1
26235,1
26236,1
26236,3
26237,1
26237,3
26238,1
26238,3
26239,1
26240,1
26241,1
26241,3
26242,1
26242,3
26243,1
26243,3
26244,1
26244,3
26245,1
26245,3
26246,1
26246,3
26247,1
26247,3
26248,1
26248,3
26249,1
26249,3
26250,1
26250,3
26251,0
26251,1
26251,3
26252,0
26252,1
26252,3
26253,1
26253,3
26254,1
26254,3
26255,1
26255,3
26256,1
26256,3
26257,1
26257,3
26258,3
26259,0
26259,1
26260,1
26261,1
26261,3
26262,1
26262,3
26263,1
26263,3
26264,3
26265,3
26266,1
26267,1
26267,3
26268,1
26268,3
26269,1
26269,3
26270,1
26270,3
26271,1
26272,1
26272,3
26273,1
26273,3
26274,1
26274,3
26276,1
26276,3
26277,1
26277,3
26278,1
26278,3
26279,0
26279,1
26280,1
26280,3
26281,1
26282,1
26282,3
26283,1
26283,3
26284,1
26284,3
26285,1
26286,1
26286,3
26287,1
26288,1
26289,1
26289,3
26290,1
26291,1
26291,3
26292,1
26292,3
26295,1
26295,3
26296,1
26297,1
26298,1
26299,1
26299,3
26300,1
26301,1
26301,3
26302,1
26303,1
26304,1
26305,0
26305,1
26306,1
26307,1
26308,1
26308,3
26309,1
26310,1
26310,3
26311,1
26312,3
26313,1
26313,3
26314,3
26315,1
26315,3
26316,1
26317,1
26317,3
26318,1
26319,3
26320,3
26321,3
26322,3
26323,3
26324,3
26325,1
26325,3
26326,3
26327,3
26328,3
26329,3
26330,1
26332,1
26333,3
26334,3
26335,3
26336,3
26337,3
26338,3
26339,3
26340,3
26341,3
26342,3
26343,3
26344,3
26345,3
26346,3
26347,3
26348,3
26349,3
26350,3
26351,3
26352,3
26353,1
26353,3
26354,1
26355,3
26356,1
26356,3
26357,1
26357,3
26358,3
26359,3
26360,1
26361,1
26362,3
26363,3
26364,1
26364,3
26365,1
26365,3
26366,1
26367,3
26368,1
26368,3
26369,3
26370,3
26371,1
26371,3
26372,1
26372,3
26374,1
26375,3
26376,1
26377,1
26378,1
26378,3
26379,1
26379,3
26380,3
26381,3
26382,3
26383,1
26384,1
26385,3
26386,3
26387,1
26387,3
26388,1
26388,3
26389,1
26389,3
26390,1
26390,3
26391,1
26392,1
26393,1
26393,3
26395,1
26395,3
26396,1
26396,3
26397,1
26397,3
26398,1
26398,3
26399,1
26399,3
26400,1
26401,1
26401,3
26402,1
26402,3
26403,1
26403,3
26404,1
26405,1
26406,1
26406,3
26407,1
26407,3
26408,1
26408,3
26409,1
26409,3
26410,1
26410,3
26411,1
26411,3
26412,1
26412,3
26413,1
26413,3
26414,1
26414,3
26415,1
26415,3
26416,1
26417,1
26418,1
26418,3
26419,1
26419,3
26420,1
26420,3
26421,1
26421,3
26422,1
26422,3
26423,1
26423,3
26424,1
26425,1
26425,3
26426,1
26427,1
26427,3
26428,1
26428,3
26429,1
26431,1
26432,1
26432,3
26433,1
26433,3
26434,1
26434,3
26435,1
26436,1
26436,3
26437,1
26437,3
26438,1
26439,1
26439,3
26440,1
26440,3
26441,1
26441,3
26442,1
26442,3
26443,1
26443,3
26444,1
26444,3
26445,1
26446,1
26446,3
26447,1
26447,3
26448,1
26448,3
26449,1
26449,3
26450,1
26451,1
26451,3
26452,1
26452,3
26453,1
26453,3
26454,1
26454,3
26455,1
26455,3
26456,1
26457,1
26457,3
26458,1
26459,1
26459,3
26460,1
26460,3
26461,1
26461,3
26462,0
26462,1
26463,1
26464,1
26464,3
26465,1
26465,3
26466,1
26466,3
26468,1
26468,3
26469,1
26470,0
26470,1
26471,1
26471,3
26472,1
26472,3
26473,1
26473,3
26474,1
26475,1
26477,1
26478,1
26479,1
26480,1
26481,1
26482,1
26482,3
26483,1
26483,3
26484,1
26484,3
26485,1
26485,3
26486,1
26486,3
26487,1
26487,3
26488,1
26488,3
26489,1
26490,1
26490,3
26491,1
26491,3
26492,1
26492,3
26493,1
26493,3
26494,0
26494,1
26495,1
26496,1
26496,3
26497,1
26498,0
26498,1
26499,1
26500,0
26500,1
26501,1
26502,1
26503,3
26504,3
26505,3
26506,3
26507,3
26508,3
26509,3
26510,3
26511,3
26512,3
26513,3
26514,3
26515,3
26516,3
26517,3
26518,3
26519,3
26520,3
26521,3
26522,3
26523,3
26524,3
26525,3
26526,3
26527,1
26527,3
26529,3
26530,3
26531,3
26532,3
26533,3
26534,3
26535,3
26536,3
26537,3
26538,3
26539,3
26540,3
26541,3
26542,3
26543,3
26544,3
26546,3
26547,3
26548,3
26549,3
26550,3
26551,3
26552,3
26553,3
26554,1
26555,3
26556,3
26557,3
26558,3
26559,3
26560,3
26561,3
26562,3
26563,1
26563,3
26564,3
26565,1
26566,3
26567,1
26567,3
26568,3
26569,3
26570,3
26571,1
26571,3
26572,3
26573,1
26574,1
26574,3
26575,1
26575,3
26576,3
26577,1
26577,3
26578,3
26579,3
26580,3
26581,1
26582,1
26583,1
26583,3
26584,1
26584,3
26586,1
26587,1
26587,3
26588,1
26588,3
26589,1
26589,3
26590,1
26591,1
26592,1
26593,1
26594,1
26594,3
26595,1
26596,3
26597,1
26598,1
26599,1
26599,3
26600,1
26600,3
26601,3
26602,1
26603,1
26604,1
26605,1
26605,3
26606,1
26606,3
26608,1
26608,3
26609,1
26610,1
26610,3
26611,1
26611,3
26612,1
26612,3
26613,1
26614,1
26614,3
26615,1
26616,1
26617,3
26618,1
26618,3
26619,3
26620,1
26620,3
26621,1
26621,3
26622,1
26622,3
26623,3
26624,1
26624,3
26625,1
26625,3
26626,1
26626,3
26627,1
26627,3
26628,1
26629,1
26629,3
26630,1
26630,3
26631,1
26631,3
26632,1
26632,3
26633,1
26633,3
26634,1
26634,3
26635,1
26635,3
26636,1
26637,1
26637,3
26638,1
26638,3
26639,1
26639,3
26640,1
26640,3
26641,1
26641,3
26642,1
26642,3
26643,1
26643,3
26644,1
26644,3
26645,1
26646,1
26646,3
26647,3
26648,1
26649,3
26650,3
26651,1
26651,3
26652,3
26653,1
26654,3
26655,1
26655,3
26656,1
26657,1
26657,3
26658,1
26659,1
26660,1
26661,1
26662,1
26663,1
26664,1
26665,1
26666,1
26667,1
26667,3
26668,1
26669,1
26669,3
26670,1
26670,3
26671,1
26672,1
26673,1
26674,1
26674,3
26675,1
26675,3
26676,1
26676,3
26677,1
26677,3
26678,1
26679,1
26679,3
26680,1
26681,1
26681,3
26682,1
26682,3
26683,1
26684,1
26684,3
26685,1
26685,3
26686,1
26687,1
26687,3
26688,1
26688,3
26689,1
26690,1
26690,3
26691,1
26691,3
26692,1
26692,3
26693,1
26693,3
26694,1
26694,3
26695,1
26695,3
26696,1
26696,3
26697,1
26698,1
26699,1
26699,3
26700,1
26701,1
26702,1
26702,3
26703,1
26703,3
26704,1
26704,3
26705,1
26705,3
26706,1
26706,3
26707,1
26707,3
26708,1
26708,3
26709,1
26710,1
26710,3
26711,1
26711,3
26712,1
26713,1
26713,3
26714,1
26714,3
26715,1
26715,3
26716,1
26716,3
26717,1
26717,3
26718,1
26719,1
26720,1
26720,3
26721,1
26722,1
26722,3
26723,1
26723,3
26724,1
26727,1
26727,3
26728,1
26728,3
26729,1
26729,3
26730,1
26730,3
26731,1
26731,3
26732,1
26732,3
26733,1
26733,3
26734,1
26734,3
26735,1
26736,0
26736,1
26737,1
26738,1
26739,1
26739,3
26740,1
26741,1
26741,3
26742,1
26742,3
26743,3
26744,1
26744,3
26745,1
26746,1
26747,1
26748,1
26749,1
26750,1
26751,1
26751,3
26752,1
26753,1
26753,3
26754,1
26755,1
26756,0
26756,1
26756,3
26757,0
26757,1
26758,1
26759,1
26759,3
26760,1
26760,3
26761,1
26761,3
26762,1
26762,3
26763,1
26763,3
26764,1
26764,3
26765,1
26766,1
26766,3
26767,1
26767,3
26768,1
26768,3
26769,1
26769,3
26770,1
26771,1
26772,1
26772,3
26773,1
26773,3
26774,3
26775,3
26776,1
26777,0
26777,1
26778,1
26779,1
26780,1
26780,3
26781,3
26782,1
26783,1
26785,3
26786,3
26787,1
26787,3
26788,1
26788,3
26789,1
26789,3
26790,1
26791,1
26792,1
26793,1
26794,1
26795,1
26796,0
26796,1
26797,0
26797,1
26798,3
26799,3
26800,3
26801,3
26802,3
26803,3
26804,3
26805,3
26806,3
26807,3
26808,3
26809,3
26810,3
26811,3
26812,3
26813,3
26814,3
26815,3
26816,1
26816,3
26817,1
26817,3
26818,3
26819,3
26820,3
26821,3
26822,3
26823,3
26824,3
26825,3
26826,1
26827,1
26828,1
26829,1
26829,3
26830,1
26831,1
26831,3
26832,1
26833,3
26834,1
26834,3
26835,1
26836,3
26837,1
26838,3
26840,3
26841,1
26842,3
26843,1
26844,3
26845,3
26846,3
26847,3
26848,3
26849,3
26850,3
26851,3
26852,3
26853,3
26854,3
26855,3
26856,3
26857,3
26858,3
26859,3
26860,3
26861,3
26862,3
26863,3
26864,3
26865,3
26866,3
26867,3
26868,3
26869,3
26870,3
26871,3
26872,3
26873,3
26874,3
26875,3
26876,3
26877,3
26878,3
26879,1
26879,3
26880,3
26881,3
26882,3
26883,3
26884,3
26885,3
26886,3
26887,1
26887,3
26888,3
26889,3
26890,3
26891,3
26892,3
26893,3
26894,3
26895,3
26896,3
26897,3
26898,3
26899,3
26900,3
26901,3
26902,3
26903,3
26904,3
26905,3
26906,3
26907,1
26907,3
26908,1
26908,3
26909,3
26910,3
26911,3
26912,3
26913,3
26914,3
26915,1
26915,3
26916,3
26917,3
26918,3
26919,1
26919,3
26920,1
26920,3
26921,3
26922,3
26923,3
26924,3
26925,1
26926,1
26927,1
26928,1
26928,3
26929,3
26930,3
26931,1
26931,3
26932,3
26933,3
26934,3
26935,3
26936,3
26937,3
26938,3
26939,3
26940,3
26941,3
26942,3
26943,1
26943,3
26944,1
26944,3
26945,3
26946,1
26946,3
26947,1
26947,3
26948,1
26948,3
26949,1
26949,3
26950,1
26951,1
26951,3
26952,3
26953,3
26954,3
26955,3
26956,3
26957,3
26958,1
26958,3
26959,3
26960,1
26960,3
26961,1
26961,3
26962,1
26962,3
26963,1
26963,3
26964,3
26965,3
26966,1
26966,3
26967,3
26968,3
26969,1
26970,1
26970,3
26971,3
26973,1
26973,3
26974,1
26974,3
26975,1
26975,3
26976,1
26976,3
26977,1
26978,1
26979,1
26979,3
26980,3
26981,1
26981,3
26982,3
26983,1
26984,3
26985,1
26985,3
26986,1
26987,1
26987,3
26988,3
26989,1
26990,3
26991,1
26991,3
26992,1
26992,3
26993,1
26994,1
26994,3
26995,1
26995,3
26996,3
26997,3
26998,1
26999,1
26999,3
27000,1
27000,3
27001,1
27001,3
27002,1
27002,3
27003,1
27003,3
27004,3
27005,3
27006,3
27007,3
27008,3
27009,1
27010,1
27010,3
27011,1
27011,3
27012,1
27012,3
27014,1
27014,3
27015,1
27015,3
27016,3
27017,1
27017,3
27018,1
27018,3
27019,1
27019,3
27020,1
27020,3
27021,1
27022,1
27023,1
27023,3
27024,1
27024,3
27025,1
27026,1
27026,3
27027,1
27027,3
27028,1
27029,1
27029,3
27030,1
27030,3
27031,1
27031,3
27032,1
27032,3
27033,1
27033,3
27034,1
27035,1
27035,3
27036,1
27037,1
27037,3
27038,1
27038,3
27039,3
27040,1
27040,3
27041,3
27042,3
27043,1
27044,1
27044,3
27045,1
27045,3
27046,1
27047,1
27047,3
27048,1
27048,3
27049,1
27049,3
27050,3
27051,3
27052,1
27052,3
27053,1
27053,3
27054,3
27055,1
27055,3
27056,1
27057,1
27058,1
27058,3
27059,3
27060,1
27061,1
27061,3
27062,1
27062,3
27063,1
27063,3
27064,1
27064,3
27065,1
27066,1
27066,3
27067,1
27067,3
27068,1
27068,3
27069,1
27070,1
27070,3
27071,1
27071,3
27072,1
27072,3
27073,1
27073,3
27074,1
27075,1
27075,3
27076,1
27076,3
27077,1
27077,3
27078,1
27079,1
27079,3
27080,1
27080,3
27081,1
27082,1
27082,3
27083,3
27084,1
27084,3
27085,1
27085,3
27086,1
27087,1
27088,1
27089,3
27090,1
27090,3
27091,1
27092,1
27093,1
27094,1
27095,1
27095,3
27096,1
27096,3
27097,1
27097,3
27098,1
27098,3
27099,3
27100,1
27100,3
27101,1
27101,3
27102,1
27103,1
27104,1
27104,3
27105,1
27106,1
27106,3
27107,1
27108,1
27109,1
27110,1
27111,1
27112,1
27113,1
27114,1
27115,1
27116,1
27117,1
27118,1
27119,1
27120,1
27121,1
27122,1
27123,1
27123,3
27124,3
27125,3
27126,1
27127,1
27128,1
27128,3
27129,1
27130,1
27131,1
27132,1
27133,1
27134,1
27134,3
27135,1
27136,1
27137,1
27138,1
27138,3
27139,1
27139,3
27140,1
27141,1
27141,3
27142,1
27143,1
27144,1
27145,1
27146,1
27147,1
27148,1
27148,3
27149,1
27149,3
27150,1
27151,1
27152,1
27153,1
27153,3
27154,1
27155,1
27155,3
27156,1
27156,3
27157,1
27158,1
27158,3
27159,1
27159,3
27160,3
27161,1
27161,3
27162,1
27162,3
27163,1
27164,1
27165,1
27166,1
27167,1
27167,3
27168,1
27168,3
27169,1
27169,3
27170,1
27170,3
27171,1
27171,3
27172,1
27172,3
27173,1
27173,3
27174,1
27174,3
27175,1
27175,3
27176,1
27176,3
27177,1
27177,3
27178,1
27178,3
27179,1
27180,1
27180,3
27181,1
27182,1
27183,1
27183,3
27184,1
27185,1
27186,1
27186,3
27187,1
27188,1
27188,3
27189,1
27189,3
27190,1
27191,1
27191,3
27192,1
27192,3
27193,1
27193,3
27194,1
27194,3
27195,1
27195,3
27196,1
27196,3
27197,1
27198,1
27198,3
27199,1
27199,3
27200,1
27200,3
27201,1
27201,3
27202,1
27202,3
27203,1
27204,3
27205,1
27205,3
27206,1
27206,3
27207,1
27207,3
27208,1
27208,3
27209,1
27210,1
27211,1
27212,1
27212,3
27213,3
27215,1
27215,3
27216,1
27216,3
27217,1
27217,3
27218,1
27219,1
27219,3
27220,1
27220,3
27221,1
27221,3
27222,1
27223,1
27224,1
27225,1
27225,3
27226,1
27226,3
27227,1
27227,3
27228,1
27228,3
27229,1
27229,3
27230,1
27230,3
27231,1
27231,3
27232,1
27233,1
27234,1
27235,1
27235,3
27236,1
27237,1
27237,3
27238,1
27239,1
27240,1
27241,1
27241,3
27242,1
27242,3
27244,1
27245,1
27246,1
27246,3
27247,1
27247,3
27248,1
27248,3
27249,1
27250,1
27251,0
27251,1
27252,1
27253,1
27254,0
27254,3
27255,1
27255,3
27256,1
27257,1
27257,3
27258,1
27258,3
27259,1
27259,3
27260,1
27260,3
27261,1
27261,3
27262,1
27262,3
27263,0
27263,1
27264,1
27265,1
27269,1
27270,1
27271,1
27272,1
27272,3
27273,1
27273,3
27274,1
27274,3
27275,1
27275,3
27276,1
27276,3
27277,3
27278,3
27279,3
27280,1
27281,3
27282,1
27283,0
27283,1
27284,1
27285,1
27286,3
27287,1
27287,3
27288,1
27289,1
27290,1
27291,1
27292,1
27292,3
27293,1
27293,3
27294,3
27295,3
27296,3
27297,3
27298,3
27299,3
27300,3
27301,3
27302,3
27303,3
27304,3
27305,3
27306,3
27307,3
27308,3
27309,3
27310,3
27311,3
27312,3
27313,3
27314,3
27315,3
27316,3
27317,3
27318,3
27319,3
27320,3
27321,3
27322,3
27323,3
27324,3
27325,3
27326,3
27327,3
27328,3
27329,3
27330,3
27331,3
27332,3
27333,3
27334,3
27335,3
27336,3
27337,3
27338,3
27339,3
27340,1
27341,1
27342,1
27343,1
27344,1
27345,1
27346,1
27347,1
27348,1
27349,1
27350,3
27351,1
27352,1
27352,3
27353,3
27354,3
27355,3
27356,3
27357,3
27359,3
27360,3
27361,1
27362,3
27363,3
27364,1
27365,3
27366,3
27368,1
27369,1
27370,1
27371,1
27372,1
27373,1
27374,1
27375,1
27376,3
27377,3
27378,3
27379,3
27380,3
27381,3
27382,3
27383,3
27384,3
27385,3
27386,3
27387,3
27388,3
27389,3
27390,3
27391,3
27392,3
27393,3
27394,3
27395,3
27396,3
27397,3
27398,3
27399,3
27400,3
27401,3
27402,3
27403,3
27404,3
27405,3
27406,3
27407,3
27408,3
27409,3
27410,3
27411,3
27412,3
27413,3
27414,3
27415,3
27416,3
27417,3
27418,3
27419,3
27420,3
27421,3
27422,3
27423,3
27424,3
27425,3
27426,3
27427,3
27428,3
27429,3
27430,3
27431,3
27432,3
27433,3
27434,3
27435,3
27436,3
27437,3
27438,3
27439,3
27440,3
27441,3
27442,3
27443,3
27444,3
27445,3
27446,3
27447,3
27448,3
27449,3
27450,3
27451,3
27454,3
27455,3
27456,3
27457,3
27458,3
27459,3
27460,3
27461,3
27462,3
27463,3
27464,3
27465,3
27466,3
27467,3
27468,3
27469,3
27470,3
27471,3
27472,3
27473,3
27474,3
27475,3
27476,3
27477,3
27478,3
27479,3
27480,3
27481,3
27482,3
27483,3
27484,3
27485,3
27486,3
27487,3
27488,3
27489,3
27490,3
27491,3
27492,3
27493,3
27494,3
27495,3
27496,3
27497,3
27498,3
27499,3
27500,3
27501,3
27502,3
27503,3
27504,3
27505,3
27506,3
27507,3
27508,3
27509,3
27510,3
27511,3
27512,3
27513,3
27514,3
27515,3
27516,3
27517,3
27518,3
27519,3
27520,3
27521,3
27522,3
27523,3
27524,3
27525,3
27526,3
27527,3
27528,3
27529,3
27530,3
27531,3
27532,3
27533,3
27534,3
27535,3
27536,3
27537,3
27538,3
27539,3
27540,3
27541,3
27542,3
27543,3
27544,3
27545,3
27546,3
27547,3
27548,3
27549,3
27550,3
27551,3
27552,3
27553,3
27554,3
27555,3
27556,3
27557,3
27558,3
27559,3
27560,3
27561,3
27562,3
27563,3
27564,3
27565,3
27566,3
27567,3
27568,3
27569,3
27570,3
27571,3
27572,3
27573,3
27574,3
27575,3
27576,3
27577,3
27578,3
27579,3
27580,1
27580,3
27581,3
27582,3
27583,3
27584,3
27585,3
27586,3
27587,3
27588,3
27589,3
27590,3
27591,3
27592,3
27593,3
27594,3
27595,3
27596,3
27597,3
27598,3
27599,3
27600,3
27601,3
27602,3
27603,3
27604,3
27605,3
27606,3
27607,3
27608,1
27609,3
27610,3
27611,3
27612,3
27613,3
27614,3
27615,3
27616,3
27617,3
27618,3
27619,1
27619,3
27620,1
27620,3
27621,3
27622,3
27623,3
27624,3
27625,1
27626,1
27627,1
27628,3
27629,3
27630,3
27631,3
27632,3
27633,3
27634,3
27635,3
27636,3
27637,3
27638,3
27639,3
27640,3
27641,3
27642,3
27643,3
27644,3
27645,3
27646,3
27647,3
27648,3
27649,3
27650,3
27651,3
27652,3
27653,3
27654,3
27655,3
27656,3
27657,3
27658,3
27659,3
27660,3
27661,3
27662,3
27663,3
27664,3
27665,3
27666,3
27667,3
27668,3
27669,3
27670,3
27671,3
27672,3
27673,3
27676,3
27677,1
27678,3
27679,3
27680,3
27681,3
27682,1
27682,3
27683,3
27684,3
27685,3
27686,3
27687,3
27688,1
27688,3
27689,1
27689,3
27690,1
27690,3
27691,1
27691,3
27692,3
27693,3
27694,3
27695,3
27696,1
27697,3
27698,1
27698,3
27699,3
27700,3
27701,3
27702,3
27703,3
27704,3
27705,3
27706,3
27707,3
27708,3
27709,3
27710,3
27711,3
27712,3
27713,3
27714,3
27715,3
27716,1
27716,3
27717,1
27717,3
27718,1
27719,1
27720,1
27721,1
27722,1
27723,1
27723,3
27724,3
27725,3
27726,3
27727,3
27728,3
27729,3
27730,3
27731,3
27732,3
27733,3
27734,3
27735,3
27736,3
27737,3
27738,3
27739,1
27739,3
27740,1
27740,3
27741,3
27742,3
27743,3
27744,3
27745,3
27746,3
27747,3
27748,3
27749,3
27750,3
27751,3
27752,3
27753,3
27754,3
27755,3
27756,3
27757,3
27758,3
27759,3
27760,3
27761,3
27762,3
27763,3
27764,3
27765,3
27766,3
27767,3
27768,3
27769,3
27770,3
27771,3
27772,1
27772,3
27773,1
27773,3
27774,3
27775,3
27776,3
27777,1
27777,3
27778,3
27779,1
27780,3
27781,1
27781,3
27782,1
27782,3
27783,1
27783,3
27784,1
27784,3
27785,1
27785,3
27786,1
27787,1
27788,1
27789,1
27790,1
27791,1
27792,3
27793,3
27794,3
27795,3
27796,3
27797,3
27798,3
27799,3
27800,3
27801,3
27802,3
27803,3
27804,3
27805,3
27806,3
27807,3
27808,3
27809,3
27810,3
27811,1
27811,3
27812,1
27812,3
27813,3
27814,1
27814,3
27815,3
27816,3
27817,3
27818,3
27819,1
27820,3
27821,1
27821,3
27822,3
27823,3
27824,3
27825,3
27826,3
27827,1
27827,3
27828,3
27829,3
27830,3
27831,3
27832,3
27833,3
27834,1
27835,3
27836,3
27837,3
27838,3
27839,1
27840,1
27841,1
27841,3
27842,3
27843,1
27843,3
27844,1
27844,3
27845,1
27845,3
27846,1
27846,3
27847,1
27847,3
27848,1
27848,3
27849,1
27849,3
27850,1
27850,3
27851,3
27852,3
27853,3
27854,1
27854,3
27855,1
27855,3
27856,3
27857,1
27857,3
27858,1
27859,1
27860,1
27861,1
27862,1
27863,1
27864,1
27865,1
27866,3
27867,3
27868,3
27869,3
27870,3
27871,1
27872,1
27873,3
27874,3
27875,3
27876,1
27876,3
27877,3
27878,3
27879,1
27879,3
27880,1
27880,3
27881,1
27881,3
27882,1
27882,3
27883,3
27884,3
27885,3
27886,1
27887,1
27888,1
27889,1
27890,1
27890,3
27891,1
27891,3
27892,3
27893,3
27894,3
27895,3
27896,1
27897,1
27897,3
27898,1
27898,3
27899,3
27900,1
27901,1
27902,1
27903,1
27903,3
27904,1
27905,1
27905,3
27906,1
27906,3
27907,1
27907,3
27908,1
27908,3
27909,1
27909,3
27910,1
27910,3
27911,1
27911,3
27912,1
27912,3
27913,1
27914,1
27915,3
27916,1
27917,3
27919,1
27919,3
27920,3
27921,3
27922,3
27923,3
27924,3
27925,3
27926,3
27927,1
27927,3
27928,1
27928,3
27929,1
27930,1
27931,1
27932,1
27933,1
27933,3
27934,1
27935,3
27937,1
27938,3
27939,1
27940,3
27941,3
27942,3
27943,1
27944,1
27945,1
27946,1
27946,3
27947,3
27948,1
27948,3
27949,1
27949,3
27950,1
27951,1
27951,3
27952,1
27952,3
27953,3
27954,1
27954,3
27955,1
27955,3
27956,1
27957,1
27958,1
27959,1
27960,1
27960,3
27961,1
27961,3
27962,1
27962,3
27963,1
27964,1
27965,1
27966,1
27967,1
27968,1
27969,3
27970,3
27971,3
27972,3
27973,1
27973,3
27974,1
27974,3
27975,1
27975,3
27976,1
27977,1
27978,1
27979,3
27980,1
27981,1
27982,1
27983,1
27984,3
27985,3
27986,3
27987,3
27988,3
27989,3
27990,3
27991,3
27992,3
27993,1
27993,3
27994,3
27995,1
27995,3
27996,3
27997,3
27998,1
27998,3
27999,1
27999,3
28000,1
28000,3
28001,1
28001,3
28002,1
28002,3
28003,1
28003,3
28004,3
28005,1
28005,3
28006,1
28006,3
28007,3
28008,1
28008,3
28009,3
28010,1
28010,3
28011,3
28012,1
28012,3
28013,1
28013,3
28014,3
28015,3
28016,3
28017,3
28018,3
28019,3
28020,1
28020,3
28021,1
28021,3
28022,1
28022,3
28023,1
28023,3
28024,1
28025,1
28025,3
28026,1
28026,3
28027,1
28027,3
28028,1
28028,3
28029,3
28030,3
28031,1
28032,1
28032,3
28033,1
28033,3
28034,1
28034,3
28035,1
28035,3
28036,1
28037,1
28037,3
28038,1
28038,3
28039,1
28039,3
28040,1
28040,3
28041,1
28042,1
28043,1
28044,1
28045,1
28045,3
28046,1
28046,3
28047,1
28047,3
28048,1
28048,3
28049,1
28049,3
28050,1
28050,3
28051,1
28051,3
28052,1
28052,3
28053,1
28053,3
28054,1
28054,3
28055,1
28055,3
28056,1
28056,3
28057,1
28057,3
28058,1
28059,1
28059,3
28060,1
28061,1
28062,1
28063,1
28063,3
28064,1
28064,3
28065,1
28066,1
28066,3
28067,1
28067,3
28068,3
28069,1
28070,1
28071,1
28072,1
28072,3
28073,1
28073,3
28074,1
28074,3
28075,1
28075,3
28076,1
28076,3
28077,1
28078,1
28079,1
28079,3
28080,1
28080,3
28081,1
28081,3
28082,3
28083,1
28083,3
28084,1
28084,3
28085,1
28086,1
28087,1
28087,3
28088,1
28089,1
28089,3
28090,1
28091,1
28092,1
28093,1
28094,1
28095,1
28096,1
28097,1
28098,1
28099,1
28100,3
28101,1
28101,3
28102,1
28102,3
28103,1
28103,3
28104,1
28104,3
28105,1
28106,3
28107,1
28107,3
28108,1
28108,3
28109,1
28109,3
28110,1
28110,3
28111,1
28111,3
28112,1
28112,3
28113,1
28113,3
28114,1
28115,1
28116,1
28117,1
28118,1
28118,3
28119,1
28119,3
28120,1
28120,3
28121,1
28121,3
28122,1
28122,3
28123,1
28123,3
28124,1
28124,3
28125,1
28125,3
28126,1
28126,3
28127,1
28128,1
28129,1
28130,1
28131,1
28132,1
28133,1
28134,1
28135,1
28136,1
28137,1
28138,1
28139,1
28140,1
28141,1
28142,1
28143,1
28143,3
28144,1
28145,1
28145,3
28146,1
28146,3
28147,1
28147,3
28148,1
28148,3
28149,1
28149,3
28150,1
28150,3
28151,1
28151,3
28152,1
28153,1
28154,1
28155,1
28156,1
28156,3
28157,1
28157,3
28158,1
28158,3
28159,1
28160,1
28161,1
28162,1
28163,1
28163,3
28164,1
28164,3
28165,1
28165,3
28166,1
28166,3
28167,1
28167,3
28168,1
28168,3
28169,1
28170,3
28171,3
28172,1
28172,3
28173,1
28173,3
28174,1
28175,1
28175,3
28176,1
28177,1
28178,1
28179,1
28180,1
28180,3
28181,1
28181,3
28182,1
28182,3
28183,1
28183,3
28184,1
28184,3
28185,1
28185,3
28186,1
28186,3
28187,1
28188,1
28189,1
28190,1
28191,1
28192,1
28193,1
28194,1
28195,1
28196,1
28197,3
28198,1
28198,3
28199,1
28200,1
28201,1
28201,3
28202,1
28203,1
28204,1
28205,1
28205,3
28206,1
28207,1
28207,3
28208,1
28208,3
28209,1
28210,1
28210,3
28211,1
28211,3
28212,1
28212,3
28213,1
28213,3
28214,1
28214,3
28215,1
28216,1
28216,3
28217,1
28217,3
28218,1
28218,3
28219,1
28219,3
28220,1
28220,3
28221,1
28221,3
28222,1
28222,3
28223,1
28223,3
28224,1
28224,3
28225,1
28226,1
28226,3
28227,1
28227,3
28228,1
28228,3
28229,1
28229,3
28230,1
28230,3
28231,1
28231,3
28232,1
28232,3
28233,1
28233,3
28234,1
28234,3
28235,1
28235,3
28236,1
28236,3
28237,1
28237,3
28238,1
28239,1
28240,3
28241,1
28241,3
28242,1
28242,3
28243,1
28243,3
28244,1
28244,3
28245,1
28245,3
28246,1
28247,1
28248,1
28248,3
28249,1
28249,3
28250,1
28251,1
28252,1
28253,1
28254,1
28255,1
28255,3
28256,1
28256,3
28257,1
28257,3
28258,1
28259,1
28260,3
28261,1
28262,1
28262,3
28263,1
28264,1
28264,3
28265,1
28265,3
28266,1
28266,3
28267,1
28267,3
28268,1
28268,3
28269,1
28270,3
28271,1
28271,3
28273,1
28273,3
28274,1
28274,3
28275,1
28275,3
28276,1
28276,3
28277,1
28277,3
28278,1
28278,3
28279,1
28279,3
28280,1
28280,3
28281,1
28281,3
28282,1
28282,3
28283,1
28283,3
28284,1
28284,3
28285,1
28285,3
28286,1
28286,3
28287,1
28287,3
28288,1
28288,3
28289,1
28289,3
28290,1
28291,1
28292,1
28293,1
28294,1
28295,1
28296,1
28296,3
28297,1
28297,3
28298,1
28298,3
28299,1
28299,3
28300,1
28301,1
28301,3
28302,1
28302,3
28303,1
28304,1
28304,3
28305,1
28305,3
28306,1
28306,3
28307,1
28307,3
28308,1
28308,3
28309,1
28309,3
28310,1
28310,3
28311,1
28311,3
28312,1
28313,1
28314,1
28315,1
28316,0
28316,1
28317,1
28317,3
28318,1
28318,3
28319,1
28319,3
28320,1
28320,3
28321,1
28321,3
28322,1
28322,3
28323,1
28323,3
28324,1
28324,3
28326,1
28327,1
28327,3
28328,1
28329,1
28330,1
28332,1
28332,3
28333,1
28333,3
28334,1
28334,3
28335,1
28335,3
28336,1
28336,3
28337,3
28338,1
28338,3
28339,1
28339,3
28340,1
28340,3
28341,1
28341,3
28342,1
28342,3
28345,1
28346,1
28346,3
28347,1
28348,1
28349,1
28350,1
28351,0
28351,1
28352,1
28353,1
28353,3
28354,1
28354,3
28355,1
28355,3
28357,1
28357,3
28358,1
28358,3
28359,1
28359,3
28360,1
28360,3
28361,0
28361,1
28362,0
28362,1
28363,1
28364,1
28365,1
28366,1
28366,3
28367,1
28368,1
28368,3
28369,0
28369,1
28370,1
28370,3
28371,1
28371,3
28372,1
28372,3
28373,1
28373,3
28374,1
28374,3
28375,1
28375,3
28376,4
28376,1
28377,4
28377,1
28378,4
28378,1
28379,4
28379,1
28380,0
28380,1
28381,0
28381,1
28382,0
28382,1
28383,0
28383,1
28384,0
28384,1
28385,0
28385,1
28386,0
28386,1
28387,0
28387,1
