PID,Height,Fanless,Fan RPM Min,Fan RPM Max,Noise Level Min,Noise Level Max,Bearing,Water Cooler Radiator
28388,159,N,650,2000,8,30,,
28389,159,N,600,2000,9,36,0,
28390,,N,650,1800,6,27,,240
28391,,N,2400,,10,37,,360
28392,,N,500,2000,21,36,,240
28393,159,N,650,2000,6.5,26,,
28394,,N,500,1800,21,36,,360
28395,,N,2400,,10,37,,240
28396,165,N,300,1500,19.2,24.6,,
28397,162.8,N,1500,,12.8,24.3,,
28398,,N,500,2000,21,38,,280
28399,,N,2400,,10,37,,360
28400,,N,500,1800,21,38,,280
28401,158,N,300,1500,18.6,22.4,,
28402,165,N,300,1500,19.2,24.6,,
28403,,N,2400,,37,,,240
28404,,N,2400,,10,37,,240
28405,66.1,N,1800,,26.92,,,
28406,,N,2435,,37.7,,,240
28407,,N,500,2000,14.3,34.3,,240
28408,,N,500,2000,21,36,,360
28409,,N,200,1800,,,,240
28410,,N,500,2000,21,36,,120
28411,,N,800,1900,,,,360
28412,37,N,600,2500,14.8,23.6,,
28413,,N,2200,,36,,,240
28414,,N,500,2000,14.3,34.3,,360
28415,154.5,N,300,1200,2.7,24.9,,
28416,157,N,200,2100,24.4,,,
28417,51,N,1200,2800,22,,,
28418,159.4,N,1400,,,,,
28419,148,N,800,1700,30.8,,,
28420,,N,500,2000,21,36,,240
28421,,N,650,1800,6,27,,120
28422,155,N,1500,,19.1,26.8,,
28423,,N,800,2000,,,,360
28424,37,N,600,2500,14.8,23.6,,
28425,,N,1700,,37,,,240
28426,160,N,300,1500,19.2,24.6,,
28427,,N,2500,,18,39.5,,240
28428,,N,2000,,10,36,,280
28429,,N,200,1700,,,,280
28430,,N,800,2500,37.6,,,360
28431,,N,2400,,37,,,360
28432,,N,2000,,10,37,,420
28433,48,N,2500,,23.8,,,
28434,,N,5001,1500,22,33,,240
28435,,N,5001,1500,22,33,,360
28436,158,N,300,1500,18.6,22.4,,
28437,154,N,300,1200,4,24.9,,
28438,,N,800,1900,,,,240
28439,,N,450,2000,29.7,,,360
28440,,N,650,1800,8,27,,240
28441,53.5,N,100,2000,,,,
28442,135,N,,,13.1,25.4,,
28443,,N,2100,,43,,,280
28444,125,N,400,2000,16.3,22.8,,
28445,155,N,650,1800,8,27,,
28446,158,N,450,1700,25.1,,,
28447,,N,2000,,30.85,,,120
28448,,N,650,2000,6,34,,360
28449,,N,800,2500,37.6,,,360
28450,158,N,450,2000,18.8,22.6,,
28451,,N,2400,,37,,,240
28452,,N,2000,,37,,,280
28453,,N,5001,1500,22,33,,280
28454,,N,450,2600,36.4,,,240
28455,132.5,N,300,2000,22.5,,,
28456,154,N,700,1800,15.2,32.5,,
28457,157.5,N,500,1650,27.8,,,
28458,154.5,N,900,1500,17.8,30,,
28459,124,N,400,2000,16.3,22.8,,
28460,,N,650,2000,6,30,,240
28461,,N,500,1800,32.1,,,360
28462,37,N,600,2500,14.8,23.6,,
28463,154,N,700,1800,15.2,32.5,,
28464,,N,800,1900,,,,240
28465,,N,200,1700,,,,420
28466,,N,800,1900,,,,360
28467,,N,2500,,18,39.5,,360
28468,,N,2200,,36,,,280
28469,,N,450,2600,36.4,,,360
28470,155,N,1500,,19.1,26.8,,
28471,136,N,600,2000,29.4,,,
28472,,N,800,2500,37.6,,,240
28473,,N,650,2000,6,30,,240
28474,,N,700,1500,18,26.4,,240
28475,154,N,700,1800,15.2,32.5,,
28476,157,N,200,2100,24.4,,,
28477,53,N,550,2200,33.5,,,240
28478,165,N,300,1500,19.2,24.6,,
28479,53,N,550,2200,33.5,,,360
28480,69,N,100,2000,,,,
28481,,N,1700,,28.3,,,120
28482,124.8,N,2000,,13.1,25.4,,
28483,,N,900,2000,16.3,33.5,,240
28484,37,N,600,2500,14.8,23.6,,
28485,,N,500,2000,21,36,,360
28486,,N,2400,,10,37,,120
28487,70,N,450,1850,16.8,23.9,,
28488,,N,800,2500,7.9,37.6,,360
28489,160,N,300,1500,19.2,24.6,,
28490,,N,650,2000,6,30,,240
28491,,N,500,1800,30,,,240
28492,160,N,500,1600,14,24,,
28493,157,N,200,2100,,,,
28494,157.5,N,500,1650,27.8,,,
28495,145,N,330,1600,25,,,
28496,159.4,N,1500,,11,23.6,,
28497,,N,,,19,39.5,,240
28498,,N,,,39.9,,,360
28499,165,N,300,1500,19.2,24.6,,
28500,,N,1200,,20.4,,,280
28501,155,N,900,1500,17.8,30,,
28502,,N,500,1600,14,27,,240
28503,162.8,N,1200,1500,12.8,24.3,,
28504,,N,2400,,37,,,240
28505,77,N,100,2000,,,,
28506,160,N,900,1200,12.6,19.8,,
28507,60,N,650,1800,24.9,,,
28508,169,N,2400,,36,,,
28509,69,N,300,1800,2.7,30.4,,
28510,,N,200,1800,22.5,,,360
28511,148,N,800,1700,,,,
28512,,N,600,2200,16,39.5,,280
28513,,N,800,2000,29,,,240
28514,65,N,600,2500,14.8,23.6,,
28515,,N,650,1800,8,27,,360
28516,,N,500,1800,21,38,,280
28517,,N,,,19.8,40.5,,360
28518,157,N,200,2100,24.4,,,
28519,,N,2700,,37.68,,,240
28520,60,N,650,1800,,,1,
28521,,N,200,1800,22.5,,,240
28522,142,N,300,1500,19.2,24.6,,
28523,165,N,650,2000,8,30,,
28524,,N,800,2500,37.6,,,240
28525,140,N,2800,,17,35,0,
28526,,N,650,2000,6,30,,120
28527,,N,1600,,25,,,360
28528,77,N,100,2700,,,,
28529,,N,500,1600,14,27,,360
28530,160.5,N,,,0,38,,
28531,132.5,N,300,2000,,,,
28532,160,N,600,1600,9,31,,
28533,125,N,400,2000,16.3,22.8,,
28534,,N,500,1500,25.8,,,360
28535,154.5,N,300,1500,4,29.75,,
28536,65,N,500,2000,,,,
28537,130,N,600,2000,,,,
28538,,N,650,1800,6,30,,360
28539,163,N,1600,,11.5,24.4,,
28540,125,N,600,2200,26.4,,,
28541,,N,500,2400,16,39.9,,360
28542,165,N,400,1400,34.2,,,
28543,110,N,400,2000,16.3,22.8,,
28544,141.22,N,800,2000,23.6,,,
28545,,N,,,22.5,38.1,,280
28546,,N,650,1800,31.5,,,240
28547,,N,600,2200,13,37,,240
28548,,N,500,2400,16,39.9,,240
28549,,N,500,1800,30,,,240
28550,131,N,900,1600,17.8,26.1,,
28551,,N,700,1500,18,26.4,,240
28552,,N,500,1800,32.1,,,240
28553,155,N,500,1650,,,,
28554,,N,650,1400,10,27,,280
28555,63,N,1800,,21.3,,,
28556,,N,200,1800,,,,120
28557,136,N,600,2000,29.4,,,
28558,,N,500,1800,32.1,,,360
28559,,N,450,2000,29.7,,,240
28560,154,N,900,2000,16.2,31.5,,
28561,125,N,1000,1600,7.9,17.6,,
28562,,N,550,2200,31.6,,,360
28563,,N,500,1500,25.8,,,240
28564,160,N,600,1600,9,31,1,
28565,,N,500,2000,17,32.6,,240
28566,,N,650,2000,6,30,,120
28567,157,N,200,2100,24.4,,,
28568,66,N,300,1600,13.1,17.6,,
28569,,N,500,1700,10,35.5,,280
28570,,N,800,2500,37.6,,,360
28571,125.5,N,800,1800,15.1,31.6,,
28572,,N,2300,,22.3,44.5,,280
28573,,N,550,1700,29,,,360
28574,,N,500,1800,21,38,,280
28575,,N,650,2000,6,30,,120
28576,155,N,500,1650,,,,
28577,,N,2435,,37.7,,,120
28578,,N,500,2000,32.2,,,240
28579,,N,500,2000,32.2,,,360
28580,158,N,300,1500,18.6,22.4,,
28581,60,N,900,2400,17.8,32.5,,
28582,155,N,1300,,14.6,,,
28583,58,N,300,2500,1.8,23.2,,
28584,39.4,N,800,2000,6,28,,
28585,,N,450,2000,29.7,,,360
28586,158,Y,,,0,,,
28587,,N,500,1800,35,,,360
28588,,N,450,2600,36.4,,,120
28589,130.8,N,1400,,11.9,26.7,2,
28590,90,N,1000,3850,,,,
28591,,N,1800,,32.1,,,120
28592,,N,500,1800,30,,,240
28593,166,N,650,1800,6,31,,
28594,136,N,800,2200,,,,
28595,,N,500,2000,10,33.2,,360
28596,,N,500,1800,30,,,360
28597,134,N,1400,,,,,
28598,,N,800,2500,37,,,240
28599,,N,650,1800,8,27,,240
28600,47,N,800,2800,14,37.6,,
28601,,N,500,2000,21,36,,240
28602,158,N,450,2000,18.8,22.6,,
28603,125,N,800,2000,24.5,,,
28604,,N,500,1800,30,,,360
28605,157,N,200,1800,,,,
28606,,N,500,2000,32.7,,,360
28607,155,N,300,800,4,14.5,,
28608,158,N,600,2000,9,36,,
28609,,N,700,1800,18,35.2,,240
28610,,N,500,1500,25.8,,,120
28611,,N,1100,,29.4,,,420
28612,,N,500,2200,18,34.2,,240
28613,165,N,1200,1500,19.2,24.6,,
28614,,N,1500,,28.2,,,240
28615,,N,,,0,39.9,,240
28616,,N,650,2000,6,30,,240
28617,163,N,,,11.5,24.4,,
28618,,N,2000,,40,,,280
28619,47,N,600,2500,30,,,
28620,47,N,2600,,24.5,,,
28621,75.4,N,1500,,14.8,25.5,,
28622,,N,500,2000,21,36,,240
28623,164,N,500,1200,29.2,,,
28624,,N,500,1400,19.8,24.7,,360
28625,,N,650,1800,8,30,,360
28626,125,N,300,1600,13.1,17.6,,
28627,,N,1300,2500,22,39,,120
28628,,N,500,2200,18,34.2,,240
28629,155,N,800,1800,14,26,,
28630,,N,1000,2000,21.8,33,,360
28631,136,N,800,2200,16,23,,
28632,163,N,300,1600,9,31,,
28633,157,N,1550,,25.6,,,
28634,,N,1800,,30.8,,,240
28635,,N,600,1500,,,,420
28636,157,N,1550,,25.6,,,
28637,,N,500,2000,32.2,,,360
28638,157.5,N,500,1650,27.8,,,
28639,153,N,400,1500,22.1,28.8,,
28640,,N,400,1600,39.8,,,280
28641,69,Y,,,0,,,
28642,,N,,,,,,120
28643,157.5,N,500,1650,27.8,,,
28644,53,N,900,2000,,,2,
28645,155,N,500,1800,17.2,33.6,,
28646,75,N,600,2400,30,,,
28647,160,N,750,1600,12,26.7,,
28648,61,N,1900,2300,22,,0,
28649,,N,550,2200,36.4,,,280
28650,157,N,200,2100,28,,,
28651,152,N,1800,,15.1,31.6,1,
28652,,N,600,2200,7.4,35.6,,240
28653,,N,1500,,28.2,,,120
28654,130,N,2200,,24.7,,,
28655,,N,500,2200,18,34.2,,360
28656,157,N,200,1800,,,,
28657,,N,2100,,43,,,280
28658,,N,700,1500,18,26.4,,360
28659,,N,2000,,27,,,240
28660,160,N,600,1800,26.2,,,
28661,,N,200,1800,22.5,,,360
28662,,N,800,2500,37.6,,,120
28663,164,N,500,1200,31.5,,,
28664,153.5,N,300,1500,26.33,,,
28665,66,N,900,2200,10,22.5,,
28666,,N,700,1800,18,35.2,,240
28667,166,N,1800,,35,,,
28668,,N,2200,,17.7,39.8,,360
28669,165,N,200,1800,23.5,,,
28670,,N,1700,,30.32,,,120
28671,160,N,500,1600,14,24,,
28672,,N,2435,,37.7,,,240
28673,32,N,2700,,22.4,,,
28674,161,N,400,1400,11.5,23.7,1,
28675,,N,800,2500,7.9,37.6,,240
28676,154,N,700,1800,15.2,35.2,,
28677,140,N,800,2800,33.4,,0,
28678,,N,500,1800,32.1,,,240
28679,,N,500,2000,36.4,,,280
28680,,N,500,2000,17,32.6,,120
28681,155,N,1500,,19.1,26.8,0,
28682,,N,,,18.9,36.1,,120
28683,123,N,1750,,20,,,
28684,,N,800,2500,37.6,,,240
28685,158,N,2000,,9,36,,
28686,66,N,400,1800,28,,,
28687,163,N,600,2000,18,31,,
28688,,N,600,2200,7.4,35.6,,360
28689,125,N,600,2200,26.4,,,
28690,,N,500,1800,17.8,,,240
28691,,N,500,2000,18,39.1,,280
28692,,N,500,2000,32.2,,,360
28693,,N,700,1800,18,35.2,,240
28694,65,N,600,2500,14.8,23.6,,
28695,,N,500,2000,32.7,,,240
28696,,N,2300,,8.06,44.4,,280
28697,,N,1300,2500,22,39,,240
28698,158,N,300,1500,18.6,22.4,,
28699,,N,400,1800,28,,,120
28700,,N,800,2500,37,,,120
28701,,N,700,1500,18,26.4,,360
28702,,N,500,2200,18,34.2,,360
28703,,N,500,2000,17,32.6,,240
28704,,N,200,1800,22.5,,,240
28705,157.5,N,300,1500,4,29.75,,
28706,157,N,1550,,25.6,,,
28707,65,N,100,2000,,,,
28708,144,N,900,1600,17.8,21,,
28709,166,N,200,1800,,,,
28710,160,N,750,1600,12,26.7,,
28711,154,N,900,2000,16.2,31.5,,
28712,,N,500,1700,32.7,,,280
28713,89,N,900,2200,10,23.5,,
28714,163,N,600,1600,9,31,,
28715,112,N,1400,,11.9,24.4,,
28716,167,N,300,1400,17.8,27.3,2,
28717,124.6,N,600,2200,26.4,,,
28718,,N,2200,,16.8,38.3,,240
28719,125,N,800,2800,13.6,34.8,,
28720,137,N,300,2000,,,,
28721,,N,500,2000,32.2,,,240
28722,65,N,100,2000,,,,
28723,158,N,300,1500,18.6,22.4,,
28724,154,N,300,1200,4,24.9,,
28725,,N,500,1800,21,38,,140
28726,60,N,500,1800,14.2,25.6,,
28727,160,N,800,1500,27,,,
28728,160,N,500,1500,17.8,27.6,,
28729,,N,800,2700,37.7,,,240
28730,,N,700,1800,18,35.2,,120
28731,157,N,600,1800,21.9,27.6,,
28732,63,N,1600,,26.4,,,
28733,,N,1600,,16.1,37.3,,280
28734,,N,2435,,37.7,,,120
28735,27,N,1500,2600,17.39,22.7,,
28736,157.4,N,500,1500,27,,,
28737,,N,500,1800,32.1,,,360
28738,,N,500,1800,17.8,,,120
28739,,N,500,1700,34.1,,,280
28740,158,N,650,2000,6,30,,
28741,,N,2700,,37.68,,,120
28742,,N,500,1600,23.5,,,360
28743,152.7,N,600,1500,27,,,
28744,170,N,500,1800,17.2,33.6,,
28745,,N,600,2000,34,,,240
28746,125.5,N,800,1800,15.1,31.6,,
28747,70,Y,,,0,,,
28748,155,N,300,800,4,14.5,,
28749,163,N,1400,1700,13.2,26.1,2,
28750,,N,800,2000,20,37,,280
28751,,N,500,2000,17,32.6,,360
28752,,N,800,2500,37.6,,,120
28753,,N,600,1800,34.1,,,120
28754,137,N,300,2000,,,,
28755,,N,500,2000,32.2,,,240
28756,26,N,1200,2600,15,27.2,,
28757,139,N,800,2800,17,35,0,
28758,,N,700,2100,35.7,,,280
28759,160,N,800,1500,18.5,30.8,,
28760,,N,1600,,16.5,36.1,,280
28761,145,N,330,1600,10,25,,
28762,,N,500,2000,10,33.2,,240
28763,137,N,300,2000,,,,
28764,78,N,250,1600,,,,
28765,140,N,400,1600,8,20.2,,
28766,,N,800,1800,28,,,240
28767,,N,600,2200,7.4,35.6,,120
28768,162,N,400,1800,14,33,,
28769,,N,500,1800,32.1,,,240
28770,,N,650,2000,6,30,,120
28771,165,N,600,1800,31,,,
28772,158,N,1500,,25.6,,,
28773,54,N,800,3000,33,,,
28774,,N,500,2000,10,33.2,,360
28775,,N,500,1400,19.8,24.7,,240
28776,,N,800,2000,,,,360
28777,,N,900,1600,20,36,,240
28778,155,N,500,1600,,,,
28779,136,N,600,2000,29.4,,,
28780,167,N,1600,,36,,,
28781,58,N,900,2500,,,,
28782,130,N,800,1800,20,35,,
28783,158,N,1500,,25.6,,,
28784,,N,600,1800,25,32,,240
28785,,N,500,1800,32.1,,,240
28786,137,N,300,2000,,,,
28787,,N,1200,1500,,,,240
28788,47,N,600,2500,30,,,
28789,68,N,2600,,22.2,,,
28790,160,N,400,1400,8.4,21.1,2,
28791,154,N,1500,,25.6,,,
28792,93,N,1200,1600,13.1,22.4,,
28793,,N,700,1500,18,26.4,,240
28794,,N,2000,,40,,,280
28795,,N,650,2000,6,30,,360
28796,95,N,1900,2300,22,,0,
28797,,N,600,1800,35,,,240
28798,,N,500,2000,14,32,,120
28799,139,N,800,2200,17,30,,
28800,,N,500,1700,10,35.5,,280
28801,126,N,600,2200,,,,
28802,,N,2000,,31.4,,,120
28803,44,N,2400,,19,40,,120
28804,75,N,,,,,,
28805,35,N,4500,,35,,1,
28806,172,N,600,1800,8,24,,
28807,,N,500,2400,16,39.9,,120
28808,,N,600,1700,16.1,27.7,,240
28809,58,N,2500,,20,28.3,,
28810,,N,500,2300,14,28,,360
28811,137,N,500,2000,23.9,,,
28812,,N,1200,2000,27.36,,,120
28813,,N,500,1500,19,23.9,,360
28814,165,N,400,1050,22,,,
28815,156,N,500,1500,17.8,29.5,,
28816,,N,600,1850,13,38,,280
28817,,N,2000,,16.1,36.9,,360
28818,60,N,1000,1500,19,25,,
28819,,N,500,2000,17,32.6,,120
28820,110,N,400,2000,16.3,22.8,,
28821,,N,500,2000,10,33.2,,240
28822,47,N,600,2500,30,,,
28823,149,N,1200,2100,18.2,30,,
28824,,N,,,30.2,,,120
28825,160,N,700,1300,19,23,,
28826,155,N,800,1600,,,,
28827,171,N,700,1200,13.4,19,,
28828,67,N,1500,7000,16,47.5,3,
28829,,N,1700,,30.32,,,120
28830,127,N,900,2500,,,2,
28831,,N,600,1800,37.1,,,360
28832,,N,550,1700,29,,,360
28833,160,N,1000,2000,8,29.1,,
28834,,N,1200,1500,,,,120
28835,135,N,800,2000,,,,
28836,,N,700,1800,18,35.2,,360
28837,,N,800,2000,20,37,,140
28838,,N,2400,,6.5,27,,240
28839,154,N,1500,,25.6,,,
28840,55,N,600,1600,13.8,30.2,,
28841,125,N,1300,2650,18,27.5,3,
28842,154,N,1500,,25.6,,,
28843,45,Y,,,,,,
28844,,N,550,1700,29,,,240
28845,64,N,500,2000,13.8,31.2,,
28846,37,N,2500,,,,,
28847,136,N,900,1600,17.8,21,,
28848,161,N,1400,,11.5,23.7,,
28849,157,N,1550,,25.6,,,
28850,169,N,500,1700,12,31,,
28851,159,N,300,1300,14,20,,
28852,,N,500,1400,19.8,27.2,,280
28853,69,N,100,2700,,,,
28854,,N,800,1800,27.8,,,120
28855,,N,800,2000,18,34,,120
28856,72,N,800,2500,29.6,,,
28857,150,N,200,1800,24.4,,,
28858,160,N,800,1600,18,26.1,,
28859,32,N,2700,,22.4,,,
28860,65.15,N,900,2500,,,,
28861,155,N,800,1900,20.3,34.5,,
28862,,N,650,2000,6,30,,240
28863,60,N,900,2400,17.8,26.4,,
28864,135,N,2200,,31.6,,,
28865,154.5,N,300,1200,4,24.9,,
28866,,N,450,2000,29.7,,,240
28867,,N,500,1800,30,,,240
28868,,N,650,2200,6,30,,280
28869,171,N,900,1200,13.4,19,,
28870,169,N,700,1300,23,,,
28871,113,Y,,,0,,,
28872,,N,2200,,16.6,36.4,,120
28873,130,N,750,1200,10.1,19.6,,
28874,162,N,900,1800,11,21,,
28875,,N,600,1800,37.1,,,240
28876,,N,1500,,35,,,140
28877,27,N,1500,2500,13,25,,
28878,,N,2200,,,,,120
28879,160,N,750,2000,40.4,,,
28880,165,N,600,1800,31,,,
28881,,N,1900,,31,,,120
28882,147,N,800,2800,18,33,1,
28883,,N,550,1700,29,,,240
28884,,N,500,2300,14,28,,360
28885,158,N,500,1400,8,22,,
28886,,N,1500,,35,,,280
28887,131,N,800,1500,24.4,,2,
28888,149,N,300,1400,13,28,,
28889,,N,800,2300,,,,240
28890,,N,600,1800,10.5,31.8,,240
28891,149,N,300,1400,13,28,,
28892,154,N,900,2000,16.2,31.5,,
28893,23,N,1500,3600,21.9,34.7,,
28894,55,N,1000,3000,33,,,
28895,,N,700,1800,18,35.2,,240
28896,159,N,300,1500,13,22,,
28897,,N,500,1800,21,38,,140
28898,45,N,600,2500,14,33,,
28899,158,N,1500,,25.6,,,
28900,157,N,200,2100,,,,
28901,,N,1000,2000,20,,,360
28902,21,N,1500,2500,13,25,,
28903,,N,800,2000,,,,240
28904,,N,500,2500,23,,,360
28905,,N,500,1800,35,,,240
28906,165,N,800,1500,27,,,
28907,153.5,N,600,1800,16.1,27.7,,
28908,,N,1500,,26.8,,,240
28909,165,N,200,1800,23.5,,,
28910,27,Y,,,0,,,
28911,,N,600,1500,,,,280
28912,159,N,800,1500,16,24,,
28913,159,N,600,2000,13,32,0,
28914,,N,500,1800,17.6,31.3,,240
28915,47,N,1200,3000,19.3,44.5,,
28916,,N,500,1400,19.8,26.2,,280
28917,,N,800,2300,,,,120
28918,,N,500,2200,36.8,,,360
28919,,N,600,2200,17.6,39.29,2,360
28920,45,N,550,2500,18.5,32,,
28921,169,N,700,1300,20,25,,
28922,,N,500,2000,14,28,,360
28923,,N,600,2200,7.3,36.6,,240
28924,,N,800,1500,26.4,,,360
28925,158,N,900,1300,12.6,19.8,,
28926,141,N,800,2500,29.6,,,
28927,154.5,N,600,1750,16.1,27.7,,
28928,36,N,1200,2400,20,26.9,,
28929,113,N,2200,,8,24,2,
28930,163,N,600,2500,21,45,,
28931,130,N,600,1500,19,23,,
28932,136,N,1000,2200,28.87,,0,
28933,70,Y,,,0,,,
28934,166,N,200,1800,,,,
28935,63,N,600,3000,17.2,30.54,,
28936,28,N,1200,2600,15,27.8,3,
28937,143,N,900,1600,17.8,26.1,,
28938,,N,500,2200,36.8,,,240
28939,,N,500,1800,19.8,35.4,,280
28940,160,N,900,1300,12.6,19.8,,
28941,130,N,600,2000,24.4,,3,
28942,148,Y,,,0,,,
28943,,N,800,1500,26.4,,,240
28944,155,N,500,1600,,,,
28945,59,N,500,1800,32.5,,,
28946,157,N,600,1800,21.9,27.6,,
28947,165,N,800,2200,15,38,,
28948,,N,400,1800,28,,,140
28949,159.5,N,1600,2000,26,31.5,,
28950,,N,800,2200,21,35,,120
28951,,N,500,1350,,,,240
28952,150,N,200,1800,24.4,,,
28953,165,N,800,1500,29,,,
28954,153,N,1000,1800,26.3,,,
28955,162,N,300,1300,15,21,,
28956,134,N,1500,2800,14.1,27.7,,
28957,158,N,600,1500,19,23,,
28958,36,N,800,3000,14,33,,
28959,,N,800,1900,28.8,,,240
28960,,N,800,2000,21,37,,140
28961,,N,600,2400,19,40,,120
28962,161,N,300,1300,15,21,,
28963,160,N,700,1300,20,24,,
28964,137,N,800,2200,16,23,,
28965,158,N,500,1500,27,,,
28966,,N,500,2500,23,,,240
28967,154,N,1000,1950,17,33,,
28968,,N,800,2000,21,37,,280
28969,28,N,1000,5500,56,,3,
28970,,N,800,2400,12,35,,240
28971,154.5,N,900,1500,17.8,30,,
28972,,N,800,1800,28,,,360
28973,,N,800,1900,28.8,,,120
28974,,N,600,2200,13,37,,240
28975,,N,600,2400,16,38,,240
28976,140,N,650,3000,6,30,,
28977,63,N,500,1800,32.5,,,
28978,55,N,2600,,28,,,
28979,,N,700,1800,18,35.2,,240
28980,167,N,1600,,36,,,
28981,152,N,900,2000,17,24,,
28982,74,N,700,1300,24,,,
28983,,N,1000,2000,20,,,240
28984,75,N,700,2200,9,29,,
28985,56,N,2400,,8,24,2,
28986,157.5,N,500,1650,27.8,,,
28987,37,N,2500,,20,28.3,,
28988,,N,500,2300,14,28,,240
28989,135,N,300,2300,7.3,28.83,,
28990,160,N,900,1300,16.1,22.5,,
28991,135,N,800,2000,9.9,21.9,,
28992,,N,500,1800,17.6,31.3,,120
28993,159,N,900,1500,17.8,30,,
28994,,N,500,1800,30,,,360
28995,159,N,700,1800,18,35.2,,
28996,41,N,3200,,25.17,,,
28997,123,N,2000,,8,24,2,
28998,56,N,2400,,8,24,2,
28999,159,N,300,1400,13,18,,
29000,135,N,2200,,17.8,30.1,,
29001,156,N,500,1500,17.8,27,,
29002,150,N,500,1500,4.6,27.3,,
29003,155,N,200,1800,24.4,,,
29004,,N,900,2000,16.3,33.5,,240
29005,153.5,N,600,1800,16.1,27.7,,
29006,,N,1000,3000,,,,
29007,,N,900,2000,16.3,33.5,,240
29008,63,N,2900,,29.58,,1,
29009,,N,500,2000,14,28,,240
29010,28,N,1000,7000,21.5,59.14,3,
29011,81,N,1600,2000,26,31.5,,
29012,125,N,1000,1600,7.9,17.6,,
29013,,N,500,1350,22.5,,,360
29014,159,N,500,1600,21,,,
29015,,N,700,1800,18,35.2,,360
29016,,N,500,2000,36.4,,,280
29017,160,N,1600,,15.3,25.4,1,
29018,,N,650,2000,6,30,,240
29019,58,N,500,2000,9.32,33.67,0,
29020,,N,,,,,,
29021,,N,500,2300,14,28,,360
29022,,N,1000,2000,20,,,120
29023,,N,500,1600,,,,360
29024,,N,500,1800,17.8,30,,240
29025,165,N,500,1800,17.8,41.5,,
29026,160,Y,,,0,,,
29027,,N,600,1800,35,,,360
29028,136,N,650,2000,22.95,,,
29029,125,N,1000,2650,17,33,,
29030,57,N,600,1600,13.8,30.2,,
29031,140,N,1400,,12,19.2,,
29032,150,N,200,1800,24.4,,,
29033,,N,500,1500,19,23.9,,240
29034,,N,1700,,30.32,,,120
29035,157,N,200,2100,24.4,,,
29036,166,N,1300,,8.7,21.2,2,
29037,,N,500,1800,17.6,31.3,,240
29038,,N,2000,,16.1,36.9,,120
29039,,N,400,1800,28,,,240
29040,140,N,800,1700,22,,,
29041,68,N,200,1400,28.43,,,
29042,,N,1600,2000,26,31.5,,120
29043,67,N,2000,,22.5,,2,
29044,,N,500,2000,6,30,,240
29045,33,N,600,1800,17.8,34.1,,120
29046,,N,500,1800,17.6,31.3,,120
29047,158.8,N,650,2000,8,30,,
29048,,N,700,1800,18,35.2,,120
29049,66,N,1200,5000,18.02,42.5,3,
29050,58,N,1200,2500,26,,,
29051,148,N,300,1600,25,,,
29052,41,N,1000,2500,14.7,29.8,3,
29053,165,N,800,1500,27,,,
29054,74,N,500,1800,25,,,
29055,,N,650,2000,15,,,120
29056,152,N,900,1700,18,30,,
29057,146,N,500,1600,,,,
29058,,N,1000,2000,20,,,240
29059,159,N,1300,,26.6,,,
29060,60,N,500,2000,9.32,33.67,0,
29061,150,N,,,,,,
29062,,N,700,1500,18,26.4,,120
29063,,N,600,1800,34.1,,,240
29064,,N,550,1700,29,,,120
29065,47,N,600,2500,14,33,,
29066,,N,500,2200,36.8,,,360
29067,160,N,800,1500,29,,,
29068,,N,400,1800,28,,,360
29069,129,N,850,2200,14,29.8,,
29070,27,Y,,,,,,
29071,153.5,N,600,1800,16.1,27.7,,
29072,82,N,900,2000,14,,2,
29073,158.5,N,650,2000,,,,
29074,105,N,2000,,22,,,
29075,,N,500,2000,16,35,,120
29076,,N,500,1350,,,,120
29077,157.5,N,300,1200,4,24.9,,
29078,147,N,1000,1800,26.3,,,
29079,,N,800,1500,25,,,240
29080,154.5,N,600,1700,16.1,27.7,,
29081,131,N,600,2200,14,25.8,,
29082,82,N,1000,2200,,,,
29083,125,N,1350,2600,18,27.5,3,
29084,59,N,500,1600,8,30,0,
29085,28,N,1100,6000,19.1,53.8,3,
29086,155,N,300,1200,4,24.9,,
29087,,N,500,1600,23.5,,,240
29088,,N,2000,,,,,120
29089,166,N,1500,,6.6,18.8,2,
29090,150,N,,,,,,
29091,,N,650,2000,6,30,,140
29092,,N,500,1800,30,,,240
29093,134,N,1500,2800,14.1,27.7,,
29094,160,N,800,1800,16,26,,
29095,,N,1100,,29.4,,,280
29096,160,N,800,1300,11,20,1,
29097,,N,500,1800,17.6,31.3,,120
29098,161,N,800,1800,17,21,1,
29099,130,N,500,2000,22.5,,,
29100,,N,2400,,6.5,27,,120
29101,,N,500,1800,17.6,31.3,,240
29102,45,N,1000,4000,12,40,,
29103,27,Y,,,0,,,
29104,145,N,300,1600,25,,,
29105,,N,800,1800,,,,280
29106,140,N,2200,,30,,,
29107,,N,1200,2000,10,27.36,,120
29108,75,N,600,2000,,,2,
29109,,N,1600,,20.5,,,120
29110,156,N,400,1400,5.3,28,,
29111,,N,800,2400,6.5,27,,120
29112,165,N,1100,,19,,,
29113,130,N,,,22.5,,,
29114,158,N,500,1400,,,,
29115,165,N,400,1050,22,,,
29116,23,N,1200,3400,18,26,,
29117,67,N,1500,7000,16,47.5,3,
29118,158,N,1000,1500,24.53,,,
29119,63,N,2500,,27,,1,
29120,160,N,800,1800,10,21,,
29121,,N,2000,,21,39,,280
29122,,N,500,2300,14,35,,240
29123,,N,600,2200,14,23.8,,
29124,150,N,200,1800,24.4,,,
29125,36,N,700,1800,18,35.2,,240
29126,,N,800,1500,16,22,,360
29127,,N,500,1800,32,,,120
29128,,N,600,1800,35,,,120
29129,160.02,N,500,1600,25.3,,,
29130,,N,400,1800,28,,,280
29131,29.5,N,600,3000,28.71,,,
29132,69,Y,,,0,,,
29133,166,N,1500,1700,13.5,26.4,2,
29134,58,N,900,2500,22,30,3,
29135,,N,2000,,16.1,36.9,,240
29136,155,N,200,1800,24.4,,,
29137,,N,500,1800,17.6,31.3,,360
29138,30,N,800,3600,17,35.8,,
29139,150,N,200,1800,24.4,,,
29140,,N,1000,5000,20.71,51.7,,
29141,161,N,500,1300,13,30.7,,
29142,165,N,600,1600,32,,,
29143,163,N,600,1800,18.2,32.4,,
29144,,N,900,1800,36,,,360
29145,157,N,200,2100,24.4,,,
29146,,N,1200,2000,27.36,,,240
29147,134,N,1400,2800,20,32,,
29148,160,N,1300,1800,26.5,34,0,
29149,34,N,800,3300,8.2,32.5,,
29150,79,N,500,4000,18.07,39.03,3,
29151,42,N,100,2000,,,,
29152,162,N,800,1800,16,26,,
29153,150,N,200,1800,24.4,,,
29154,,N,900,1800,36,,,240
29155,134,N,1200,2800,20,28,,
29156,56,N,2750,,28.2,,,
29157,160,N,1000,2000,20,39.9,,
29158,110,N,1000,2500,17,31.92,3,
29159,160,N,500,1600,8,30,0,
29160,145,N,600,1300,25.4,,,
29161,41,N,750,,20.5,,2,
29162,,N,800,2000,20,38.2,,240
29163,,N,600,1800,17.8,34.1,,240
29164,166,N,600,1800,6,31,,
29165,,N,900,1800,36,,,120
29166,,N,900,1800,30,,,360
29167,122,N,300,1200,4,24.9,,
29168,47,N,600,2500,30,,,
29169,,N,600,1600,34,,,280
29170,162,N,300,1500,4,29.8,0,
29171,59,N,750,1600,12,25.4,2,
29172,70,N,1700,3100,18,33.4,3,
29173,23,N,1500,3400,18,26,,
29174,154,N,300,1200,4,24.9,,
29175,162,N,2200,,27,,,
29176,162,N,2800,,42.5,,,
29177,159,N,650,2000,6,30,,
29178,114,N,750,1200,10.1,19.6,,
29179,,N,500,2000,6,30,,120
29180,58,N,1200,2500,26,,,
29181,,N,500,1800,30,,,240
29182,79,N,500,4000,18.07,39.03,3,
29183,,N,500,1500,14,25,,280
29184,57,N,2200,,17,,0,
29185,,N,500,1500,14,25,,280
29186,158,N,600,1800,19,25,,
29187,164,N,500,2000,18,41,,
29188,112,N,1300,,13.4,19,,
29189,160,N,1200,1800,39,,,
29190,84,N,800,2800,17,35,0,
29191,152,N,800,2000,18,38,3,
29192,30,N,600,2600,16,24.5,0,
29193,160,N,1200,1500,18,22,,
29194,77,N,500,2000,,,2,
29195,,N,2400,,19,40.33,,240
29196,,N,700,1800,8.3,28.8,,280
29197,117,N,2200,,22,,,
29198,57,N,500,1800,17.6,31.3,,360
29199,59,N,650,2200,10.5,31.67,0,
29200,160,N,800,1800,18.9,25,,
29201,,N,500,1800,17.6,31.3,,240
29202,,N,700,1800,18,35.2,,120
29203,61.5,N,500,1600,31,,,
29204,72.65,N,700,1300,,,,
29205,162.14,N,300,1300,15,21,,
29206,159,N,600,2200,15,38,,
29207,165,N,400,1050,22,,,
29208,,N,500,2200,36.8,,,240
29209,153.5,N,600,1800,16.1,27.7,,
29210,158,N,1000,1500,24.53,,0,
29211,66,N,1200,5000,18.02,42.5,3,
29212,158,N,600,1600,32,,,
29213,141,N,,,19,,0,
29214,120,N,800,2400,17,,,
29215,152,N,750,2500,13.2,41.5,,
29216,,N,1450,2000,,,,120
29217,171,N,700,1200,13.4,19,,
29218,165,N,600,2500,21,45,,
29219,,N,1000,2000,20,,,120
29220,,N,800,1700,26.9,,,360
29221,,N,600,1800,17.8,34.1,,120
29222,166,N,600,1800,6,31,,
29223,,N,800,2200,16.5,27.4,,240
29224,60,N,1800,,28,,,
29225,168.3,N,700,1300,19,23,,
29226,157,N,800,1650,,,,
29227,163,N,200,1400,28.43,,,
29228,118,N,800,2200,27.9,,0,
29229,62,N,1000,4500,13.14,45.9,3,
29230,27,N,1400,2000,16,28.9,,
29231,73.66,N,,,25,,,
29232,,N,600,2400,19,40,,240
29233,150,N,210,2100,28.8,,,
29234,,N,500,2300,14,28,,360
29235,130,N,,,22.5,,,
29236,160,Y,,,0,,,
29237,,N,700,2400,27.4,,,120
29238,70,N,500,2000,15,24,,
29239,159,N,1000,2200,30.1,,,
29240,152,N,1000,1700,17,28,,
29241,159,N,1000,2200,30.1,,,
29242,158,Y,,,0,,,
29243,143,N,900,2200,17.8,34.6,,
29244,,N,600,2200,17.6,39.29,,240
29245,160,N,1800,,16.2,29.2,,
29246,159,N,300,1300,15,21,,
29247,159,N,300,1400,13,18,,
29248,159,N,900,1500,17.8,30,,
29249,157,N,800,1800,29,,,
29250,157,N,200,2100,,,,
29251,25,N,4800,,36,,3,
29252,160,N,950,1350,17,21,,
29253,,N,800,1700,26.9,,,120
29254,163,N,800,1500,16.5,30.8,,
29255,28,N,1000,6000,21.5,55.8,3,
29256,152,N,1000,1600,19,28,0,
29257,160,N,1000,2150,20,39,3,
29258,142,N,1250,2800,19.5,35,3,
29259,122,N,1000,1600,7.9,17.6,,
29260,166,N,1200,,25,,,
29261,163,N,600,2000,9,36,0,
29262,163,N,600,1800,9,34.6,0,
29263,160,N,1300,1800,26.5,34,0,
29264,,N,600,2400,,,,120
29265,162,N,900,1300,17,21,,
29266,150,N,600,1300,25.4,,,
29267,136,N,1000,2200,28.87,,0,
29268,150,N,1600,,17.8,21,,
29269,120,Y,,,0,,,
29270,140,N,800,1600,16,20.2,,
29271,160,N,300,1400,12,19,,
29272,168,N,300,1400,12.6,31.1,,
29273,158,N,500,1500,8,24.8,,
29274,153,N,750,1500,12,25.5,,
29275,150,N,,,22.5,,,
29276,,N,800,1600,16.8,32.6,,280
29277,157,N,800,1800,29,,,
29278,,N,900,1800,30,,,240
29279,,N,600,1700,16.1,27.7,,120
29280,58,N,1000,2000,28,,,
29281,37,N,1500,2500,15,25,,
29282,167,N,600,1000,23,,0,
29283,161,N,400,1350,,,2,
29284,161,N,500,1300,13,30.7,,
29285,117,N,2200,,22,,0,
29286,14,N,4500,,39,,3,
29287,159,N,300,1350,,,2,
29288,64,N,500,2000,,,,
29289,67,N,3000,,,,0,
29290,151,N,1000,2000,16,20,2,
29291,161,N,500,2000,18,41,3,
29292,70,N,600,2000,14,,2,
29293,160,N,800,2200,38.1,,,
29294,159,N,1000,2200,16.39,33.5,0,
29295,,N,2500,,30,,,240
29296,28,N,1500,4000,16.2,37.5,,
29297,,N,500,2000,16,35,,240
29298,,N,600,2200,17.6,39.29,,120
29299,165,N,900,1300,17,21,,
29300,154,N,750,1600,12,26.7,,
29301,154,N,750,1500,12,26.5,,
29302,,N,700,1800,18,35.2,,120
29303,,N,500,1800,17.8,30,,240
29304,135,N,600,2500,17,29.5,,
29305,102,N,1000,2800,20,28,,
29306,161,N,300,1700,5.8,36.4,,
29307,67,N,1000,2000,22.7,37.1,3,
29308,159,N,1000,2200,16.39,33.5,0,
29309,,N,,,,,,120
29310,162,N,300,1300,15,21,,
29311,81,N,200,1400,28.43,,,
29312,78,N,2200,,18,,,
29313,160,Y,,,0,,,
29314,,N,1000,2200,18.89,36.7,,120
29315,160,N,400,1400,5.3,28,,
29316,160,N,700,1200,12,19.3,,
29317,148,N,,,,,,
29318,32,N,600,3000,13.5,26.5,0,
29319,64,N,650,2200,10.5,31.67,,
29320,70,N,4200,,44,,,
29321,140,N,1000,2400,19.3,30,,
29322,159,N,800,2000,21,44,,
29323,157,N,600,1800,21.9,27.6,,
29324,157,Y,,,0,,,
29325,130,N,500,2000,22.5,,,
29326,160,N,500,1500,24.6,,,
29327,,N,1000,2600,21.6,36.6,0,240
29328,160,N,1500,,24.6,,0,
29329,,N,500,2300,14,35,,120
29330,59,N,600,1900,11.5,31.5,,
29331,,N,1500,2500,18,35,,120
29332,164,N,600,1900,6.9,28.9,,
29333,165,N,300,1300,17,24.9,,
29334,161,N,400,1350,22.5,,,
29335,,N,600,1800,18.2,32.4,,120
29336,,N,500,1800,21.2,,,240
29337,163,N,300,1800,4,23.6,0,
29338,160,N,300,1400,12,19,,
29339,161,N,900,1500,17.8,30,,
29340,,N,2500,,18,26.4,,120
29341,165,N,300,1400,8,26.8,,
29342,160,N,800,2000,15,33.2,,
29343,150,N,,,22.5,,,
29344,138,N,800,2800,16,27,,
29345,160,N,600,1900,6.9,28.9,,
29346,,N,1100,,25,,,120
29347,,N,500,1800,18,25,,240
29348,143,N,1800,,23,,,
29349,138,N,900,2200,10,24.1,2,
29350,40,N,800,3300,8.2,32.5,,
29351,45,N,800,2800,,,,
29352,84,N,500,2000,,,,
29353,117,N,2200,,22,,0,
29354,165,N,1200,2500,20,43,,
29355,159,N,470,1900,7.05,27.3,0,
29356,37,N,1200,3000,15,38,,
29357,134,N,1400,2800,20,32,,
29358,25,N,1200,2500,28,,0,
29359,93,N,900,2500,19.5,,,
29360,159,Y,,,,,,
29361,165,N,500,1300,17,21,,
29362,,N,,,,,,120
29363,60,N,900,2400,17.8,32.5,,
29364,38,N,2600,,28,,,
29365,15,N,1000,2800,22,,,
29366,,N,900,2000,,,,120
29367,157,N,600,1800,21.9,27.6,,
29368,161,N,400,1350,,,3,
29369,160,N,2000,,19.39,31.05,0,
29370,160,N,1000,2000,20,39.9,,
29371,26,Y,,,0,,,
29372,160,N,150,1500,28.6,,,
29373,159,Y,,,,,,
29374,170,N,900,1300,17,21,,
29375,60,N,900,1800,18.2,32.4,,
29376,56,N,1800,,22.3,,,
29377,,N,800,1700,26.9,,,240
29378,,N,600,2200,17.6,39.29,,240
29379,130,N,500,2000,,,,
29380,52,N,800,2500,12,28.8,,
29381,159,N,1800,,16.2,29.2,,
29382,,N,600,2400,16,35,,120
29383,159,Y,,,,,,
29384,48,N,1200,3500,21.56,62.88,,
29385,,N,800,2400,12,35,,240
29386,150,N,200,1800,24.4,,,
29387,149,N,800,2200,25,,,
29388,,N,700,1800,18,35.2,,240
29389,58,N,1200,2500,26,,,
29390,58,N,1200,2500,26,,,
29391,117,N,300,1800,4.5,26.7,,
29392,,N,600,1800,25,32,,120
29393,,N,600,1700,16.1,27.7,,120
29394,,N,800,1800,23,,,360
29395,64,Y,,,,,,
29396,143,N,1300,2000,16,24,,
29397,,N,2200,,22,,1,
29398,112,N,700,1200,13.4,19,,
29399,160,Y,,,,,,
29400,138,N,600,2500,14.5,25,0,
29401,160,N,800,1600,,,,
29402,65,N,900,2600,14,33,,
29403,68,N,650,1400,28,,0,
29404,35,N,1500,2500,18.5,28,,
29405,150,N,,,,,,
29406,88,N,,,,,,
29407,29,N,1000,5000,20.5,49.8,3,
29408,67,N,1150,2300,17,32,3,
29409,142,N,1250,2800,19.5,35,3,
29410,,N,1000,3000,16,25.3,,
29411,63,N,1700,2400,13.5,24,3,
29412,38,N,2400,,26.2,,3,
29413,94,N,300,2500,7.2,31.07,0,
29414,37,N,1200,1800,15,23,,
29415,55,N,2600,,28,,,
29416,57,N,1200,2500,28,,0,
29417,75,N,900,2600,30,,,
29418,130,N,600,2000,,,,
29419,159,N,800,1200,18,,0,
29420,153,N,750,1500,12,25.5,,
29421,160,N,1300,,24.1,,,
29422,160,N,800,1800,16,21,,
29423,160,N,470,1900,7.05,37,,
29424,,N,900,2000,17,36,,120
29425,154,N,1000,1600,17,26,,
29426,53,N,5500,,,,,
29427,161,N,400,1350,,,2,
29428,112,N,700,,13.4,19,,
29429,112,N,700,,13.4,19,,
29430,,N,900,2000,,,,120
29431,63,N,800,2600,20,32,,
29432,159,Y,,,,,,
29433,,N,600,2400,19,40,,120
29434,165,N,1400,2200,16,38,,
29435,,N,1200,3000,16,33,,240
29436,162,N,2000,,9,36,1,
29437,60,N,2300,,29,,,
29438,152,N,800,1600,18,30.2,,
29439,160,N,800,2200,15,35,,
29440,,N,800,1800,16,33,,360
29441,140,N,500,1300,13,30.7,,
29442,162,N,900,1300,17,21,,
29443,163,N,600,2500,21,45,,
29444,160,N,700,1500,17,28.5,,
29445,,N,1000,2300,23.2,46.6,,240
29446,160,N,2200,,23,,,
29447,,N,800,1800,16,33,,240
29448,161,N,500,1300,13,30.7,,
29449,,N,600,2200,17.6,39.29,,120
29450,,N,1000,2600,21.6,36.6,0,240
29451,163,N,500,1600,6.9,28.9,,
29452,40,N,4200,,31.8,,0,
29453,159,N,800,1500,16,24,,
29454,,N,2400,,19,40.33,,240
29455,,N,1500,2500,18,35,,240
29456,105,N,800,1800,20,,,
29457,,N,700,1800,8.3,28.8,,140
29458,155,N,300,1500,4,29.5,,
29459,166,N,300,1300,15,21,,
29460,162,N,500,1200,10,19,,
29461,164,N,600,1900,8,27,,
29462,,N,800,2200,16.5,27.4,,120
29463,58,N,900,2500,22,30,,
29464,58,N,900,2500,22,30,,
29465,150,N,,,,,,
29466,57,N,600,1600,13.8,30.2,,
29467,162,N,800,,15,,,
29468,,N,800,2000,20,38.2,,240
29469,76,N,600,2200,,,,
29470,160,Y,,,0,,,
29471,167,Y,,,0,,,
29472,165,N,700,,18.5,,,
29473,,N,,,,,,240
29474,,N,500,2300,14,28,,240
29475,165,N,600,1600,32,,,
29476,150,N,120,1350,22.5,,,
29477,126,N,300,1400,4,28,,
29478,65,N,900,2500,22,30,,
29479,138,N,600,2800,12,28,,
29480,39,N,500,1500,14,25,,280
29481,157,N,800,1800,29,,,
29482,130,N,300,2300,7.2,28.26,,
29483,,N,1100,,25,,,240
29484,,N,500,2300,14,28,,240
29485,,N,1500,2500,18,35,,240
29486,65,N,600,1700,16.1,27.7,,
29487,154.5,N,600,1750,16.1,27.7,,
29488,155,N,300,1200,5.83,25.1,,
29489,,N,800,1800,23,,,240
29490,,N,800,2200,,,,240
29491,135,N,1500,,25.2,,,
29492,152,N,500,1800,17.2,33.6,,
29493,31,N,800,2500,16,27.3,3,
29494,160,N,450,4500,27.8,,,
29495,66,N,1500,,19,,,
29496,165,N,1000,1500,24.53,,0,
29497,165,N,800,2200,15,38,,
29498,84,N,1300,,,,,
29499,66,N,1700,,17,,,
29500,47,N,800,1700,16,,,
29501,152,N,900,1700,18,30,,
29502,143,N,1300,2000,16,24,,
29503,162,N,800,1300,16,,,
29504,160,N,700,1400,26,,3,
29505,63,N,1350,2400,17,24,3,
29506,152,N,1000,2000,19.5,38,3,
29507,67,N,1800,,23,,,
29508,109,N,,,0,,,
29509,38,N,2400,,26.2,,3,
29510,104,N,800,2800,20,34,,
29511,38,N,2400,,30,,,
29512,70,N,2500,,22.41,,0,
29513,62,N,600,3000,15,30,0,
29514,158,N,,,26.5,,0,
29515,130,N,470,1900,9.8,27.3,0,
29516,159,N,1000,2200,20,,,
29517,160,N,1000,2200,28,,,
29518,65,N,1500,2500,22,,1,
29519,159,N,1000,2200,30.1,,,
29520,159,N,800,1500,20,32,1,
29521,134,N,1200,2800,23,35,1,
29522,150,N,900,1800,30,,,
29523,160,N,,,,,,
29524,77,N,900,2300,30,,0,
29525,77,N,900,2300,30,,0,
29526,132,N,,,,,,
29527,64,N,2200,,23.8,,1,
29528,40,N,2600,,33,,,
29529,77,N,300,2500,12,16,,
29530,159,N,1200,2100,21,48,,
29531,118,N,1000,2500,15.8,43.3,3,
29532,135,N,1250,1950,17,25,,
29533,28,N,1200,2500,15,27.2,3,
29534,129,N,900,2200,17.8,34.6,,
29535,161,N,1600,,28,,2,
29536,158,N,300,1600,26.5,,,
29537,151,N,,,16,,,
29538,155,N,1000,2000,16,20,,
29539,163,N,600,2000,9,36,0,
29540,105,N,800,1800,15.1,31.6,0,
29541,115,N,800,1800,10,21,,
29542,119,N,900,2500,15,24,,
29543,171,N,700,1200,13.4,19,,
29544,163,N,600,2400,19,40,0,
29545,105,N,800,1800,15.1,31.6,0,
29546,,N,1200,2000,10,27.36,,120
29547,140,N,2400,,30,,,
29548,66,N,1400,2800,20,32,,
29549,153,N,1600,,8,24,2,
29550,60,N,1250,2800,19.5,35,,
29551,38,N,800,2800,20,34,,
29552,65,N,1000,3000,28,,0,
29553,137,N,500,1300,9.6,24.7,,
29554,94,N,300,2500,7.2,31.07,,
29555,,N,800,2200,18.5,32.8,,120
29556,45,N,1000,2500,19,26,,
29557,86,N,500,2000,,,,
29558,,N,900,2000,,,,120
29559,154,N,900,1400,19,27,,
29560,,N,1600,,20.5,,,240
29561,163,N,600,2400,19,40,0,
29562,158,N,1500,,7.8,21.4,,
29563,126,N,1500,,9.6,24.4,1,
29564,155,N,800,1600,18,30.2,,
29565,,N,1200,2500,20,43,,120
29566,170,N,900,1300,17,21,,
29567,44,N,1200,2800,22,,,
29568,53,N,800,2600,20,32,2,
29569,150,N,900,1300,17,21,,
29570,,N,2500,,30,,,120
29571,140,N,500,1800,18,34.79,0,
29572,63,N,1350,2400,17,24,3,
29573,44,N,800,1400,20,,2,
29574,160,N,650,1400,28,,0,
29575,,N,1000,2600,21.6,36.6,0,240
29576,159,N,750,1800,12,28,2,
29577,125,N,1000,2000,,,2,
29578,125,N,1000,2000,,,,
29579,148,N,600,1600,,,3,
29580,158,N,600,1600,,,3,
29581,158,N,600,1600,,,3,
29582,134,N,1200,2800,20,28,,
29583,135,N,2200,,20,,,
29584,57,N,1200,2500,28,,0,
29585,162,N,,,0,,,
29586,162,N,300,1300,15,21,,
29587,159,N,800,1200,18,,,
29588,158,N,500,1500,21,,,
29589,,N,1500,2500,18,35,,240
29590,167,N,600,1000,23,,0,
29591,44,N,300,2500,14,33,,
29592,27,N,800,2700,14,23,3,
29593,155,N,300,1500,4,29.8,,
29594,60,N,500,2000,9.32,33.67,,
29595,,N,600,2200,17.6,39.3,,240
29596,,N,600,1800,17.8,34.1,,240
29597,125,N,400,1800,8,24.3,,
29598,158,N,500,1500,18.2,,,
29599,53,N,1000,2100,16,27.1,,
29600,45,N,600,2500,14,33,,
29601,150,N,200,1800,24.4,,,
29602,,N,700,1800,18,35.2,,120
29603,150.15,N,300,1300,21,33,,
29604,160,N,500,1500,24.6,,,
29605,65,N,600,1700,16.1,27.7,,
29606,65,N,600,1700,16.1,27.7,,
29607,,N,800,1800,23,,,120
29608,158,N,1500,,25.6,,,
29609,158,N,1500,,25.6,,,
29610,51,N,900,2000,14,22.1,,
29611,125,N,1350,2600,18,27,3,
29612,154,N,850,1200,22,24,3,
29613,110,N,1000,2500,17,31.92,3,
29614,110,N,1000,3800,16,43.4,3,
29615,138,N,,,,,,
29616,45,N,2800,,22,,0,
29617,88,N,1000,2000,17,21,0,
29618,63,Y,,,0,,,
29619,74,N,2000,6000,20.23,44.88,3,
29620,65,N,900,2600,12,31,,
29621,38,N,2500,,21,,3,
29622,160,N,1000,1600,19,28,0,
29623,159,N,800,2000,15,33.2,,
29624,67,N,1150,2100,17.5,30,3,
29625,57,N,650,2200,,,,
29626,,N,1800,,20,,,
29627,160,N,1000,,21,,,
29628,70,N,2000,3600,23,45.9,,
29629,70,N,2400,,31,,,
29630,71,N,500,3400,17,34.2,3,
29631,160,N,470,1900,9.8,27.3,0,
29632,149,N,,,0,,,
29633,66,N,1400,2600,20,30,3,
29634,134,N,800,1500,27.2,,1,
29635,133,N,1200,2800,22,30,1,
29636,160,Y,,,0,,,
29637,160,N,800,1500,16,24,,
29638,160,N,500,1700,9.6,36.4,0,
29639,81,N,2500,,34,,,
29640,62,N,740,3700,21,40,,
29641,40,N,600,3700,15,46.5,3,
29642,140,N,1200,1800,23,30,,
29643,28,N,1100,2300,15,24.5,3,
29644,74,N,2200,,30.1,,,
29645,74,N,2200,,30.1,,,
29646,59,N,2200,,25,,,
29647,72,N,2500,,25,,,
29648,82,N,2200,,30.1,,,
29649,153,N,1000,2000,,,,
29650,153,N,1000,2000,,,,
29651,75,N,1200,2200,27,,,
29652,115,N,800,1800,16,21,,
29653,67,N,1800,,23,,,
29654,79,N,800,2500,15,35,,
29655,159,N,600,1800,10,26.8,,
29656,128,N,750,2500,18,27,,
29657,67,N,2500,,,,0,
29658,67,N,1000,2000,8,24,2,
29659,160,N,800,1800,16,21,,
29660,88,N,2200,,25,,,
29661,153,N,800,2000,8,28,2,
29662,144,N,900,2800,12,31,,
29663,161,N,,,,,,
29664,98,N,1000,6000,21,48,,
29665,159,N,,,26,,,
29666,58,N,,,9.32,33.67,0,
29667,127,N,900,2200,17.8,28.1,,
29668,170,N,700,1200,18.2,26.7,,
29669,157,N,900,1500,21.4,32.1,,
29670,160,N,500,1500,17.8,27.6,,
29671,158,N,500,1500,17.6,27.6,,
29672,130,N,2200,,23.4,,,
29673,74,N,400,2800,17.8,40.7,,
29674,145,N,800,2000,,,2,
29675,171,N,700,1200,13.4,19,,
29676,28,N,1200,2600,15,27.2,3,
29677,153,N,800,2800,19,27,,
29678,63,N,800,2800,20,34,,
29679,137,N,500,1300,9.6,24.7,,
29680,159,Y,,,,,,
29681,39,N,3500,,30.6,,,
29682,156,N,800,2150,17.2,39,,
29683,144,N,900,2800,12,31,,
29684,143,N,300,2500,7.2,31.07,,
29685,158,N,300,1600,9.6,32.15,,
29686,152,N,800,1500,15.3,29,,
29687,159,N,1000,2200,20,32,,
29688,27,Y,,,,,,
29689,64,Y,,,,,,
29690,27,Y,,,,,,
29691,160,Y,,,,,,
29692,,N,800,2200,17.3,31.2,,120
29693,162,N,1800,2200,28.8,38,,
29694,125,N,900,2400,10,25.8,,
29695,160,N,750,1600,25.4,25.5,2,
29696,134,N,1200,2800,16,24,,
29697,,N,1500,2500,16,33.5,,240
29698,,N,1500,2500,16,33.5,,120
29699,64,N,2000,,25,,,
29700,160,N,2200,,31.2,,,
29701,145,N,700,1500,17,28.5,,
29702,145,N,600,1300,24.5,,,
29703,82,N,1000,2200,,,0,
29704,63,N,800,2800,20,34,,
29705,,N,600,2500,15,30,3,120
29706,,N,2500,,30,,,120
29707,134,N,800,2800,16,28,,
29708,134,N,800,2800,16,27,,
29709,160,N,500,1800,18,38.4,0,
29710,159,N,1200,2100,21,48,0,
29711,60,N,1200,,19.2,22.4,2,
29712,163,N,900,1300,21,25,,
29713,125,N,800,2000,27,,,
29714,160,N,600,1400,28,,0,
29715,132,N,2200,,,,,
29716,167,N,700,1400,17.8,31.1,,
29717,,N,1000,2600,21.6,36.6,0,240
29718,31,N,1800,,21,,,
29719,28,N,,,,,,
29720,133,N,1500,2400,20,30,,
29721,153,N,800,2000,10,24,,
29722,163,N,500,1600,8,30,0,
29723,45,N,600,2500,14,33,,
29724,159,N,800,1200,18,,,
29725,,N,1500,2500,18,35,,120
29726,68,N,650,1400,28,,0,
29727,,N,500,1800,14,30,,240
29728,45,N,300,2500,14,33,,
29729,160,N,800,1800,16.2,29.2,,
29730,160,N,1600,,21,,,
29731,160,N,800,1800,16.2,32.6,,
29732,27,N,800,2700,14,23,,
29733,161,N,800,1800,16.2,29.2,,
29734,161,N,1800,,16.2,29.2,,
29735,157,N,800,1800,16.2,29.2,,
29736,157,N,800,1800,16.2,29.2,,
29737,163,N,1600,1800,16.2,29.2,,
29738,140,N,800,1600,16,20.2,,
29739,160,N,800,1800,16.2,29.2,,
29740,116,N,2200,,23.3,,,
29741,138,N,300,2500,7.2,31.1,0,
29742,115,N,300,2500,7.2,31.1,0,
29743,59,N,650,2200,10.5,31.67,,
29744,155,N,300,1500,4,29.8,0,
29745,158,N,500,1500,18.2,,,
29746,,N,800,2200,16.5,27.4,,240
29747,,N,900,1800,30,,,120
29748,,N,600,1700,16.1,27.7,,240
29749,72.6,N,1200,2800,16.08,34.48,,
29750,154,N,1500,,25.6,,,
29751,152,N,700,1500,18.1,30.5,,
29752,,N,650,1800,6,30,,120
